argument_id,disposition_id,disposition_type,link_method,link_confidence,is_final_disposition
2013-0543,2013-0543,opinion,docket_match,high,True
2013-0828,2013-0828,opinion,docket_match,high,True
2013-0833,2013-0833,case_order,docket_match,high,True
2008-0945,2008-0945,opinion,docket_match,high,True
2014-0078,2014-0078,opinion,docket_match,high,True
2014-0141,2014-0141,opinion,docket_match,high,True
2014-0158,2014-0158,opinion,docket_match,high,True
2014-0306,2014-0306,case_order,docket_match,high,True
2014-0343,2014-0343,case_order,docket_match,high,True
2013-0670,2013-0670,3jx_order,docket_match,high,True
2013-0840,2013-0840,3jx_order,docket_match,high,True
2014-0197,2014-0197,3jx_order,docket_match,high,True
2014-0082,2014-0082,3jx_order,docket_match,high,True
2014-0283,2014-0283,case_order,docket_match,high,True
2013-0893,2013-0893,opinion,docket_match,high,True
2014-0025,2014-0025,opinion,docket_match,high,True
2014-0200,2014-0200,opinion,docket_match,high,True
2014-0203,2014-0203,case_order,docket_match,high,True
2014-0285,2014-0285,opinion,docket_match,high,True
2014-0342,2014-0342,case_order,docket_match,high,True
2014-0402,2014-0402,opinion,docket_match,high,True
2013-0653,2013-0653,case_order,docket_match,high,True
2014-0028,2014-0028,opinion,docket_match,high,True
2014-0071,2014-0071,opinion,docket_match,high,True
2014-0081,2014-0081,case_order,docket_match,high,True
2014-0224,2014-0224,opinion,docket_match,high,True
2014-0312,2014-0312,opinion,docket_match,high,True
2014-0327,2014-0327,case_order,docket_match,high,True
2014-0358,2014-0358,case_order,docket_match,high,True
2014-0407,2014-0407,opinion,docket_match,high,True
2014-0428,2014-0428,opinion,docket_match,high,True
2014-0595,2014-0595,opinion,docket_match,high,True
2014-0596,2014-0596,case_order,docket_match,high,True
2013-0411,2015072wolters,opinion,docket_match,high,True
2014-0116,2014-0116,opinion,docket_match,high,True
2014-0254,2014-0254,case_order,docket_match,high,True
2014-0257,2014-0257,case_order,docket_match,high,True
2014-0420,2014-0420,opinion,docket_match,high,True
2014-0424,2014-0424,case_order,docket_match,high,True
2014-0465,2014-0465,opinion,docket_match,high,True
2014-0703,2014-0703,opinion,docket_match,high,True
2014-0458,2014-0458,opinion,docket_match,high,True
2014-0496,2014-0496,opinion,docket_match,high,True
2014-0509,2014-0509,opinion,docket_match,high,True
2014-0512,2014-0512,opinion,docket_match,high,True
2014-0540,2014-0540,opinion,docket_match,high,True
2014-0558,2014-0558,opinion,docket_match,high,True
2014-0635,2014-0635,opinion,docket_match,high,True
2014-0686,2014-0686,opinion,docket_match,high,True
2014-0145,2014-0145,3jx_order,docket_match,high,True
2014-0256,2014-0256,3jx_order,docket_match,high,True
2014-0504,2014-0504,3jx_order,docket_match,high,True
2014-0638,2014-0638,3jx_order,docket_match,high,True
2013-0623,2013-0623,opinion,docket_match,high,True
2014-0133,2014-0133,opinion,docket_match,high,True
2014-0291,2014-0291,opinion,docket_match,high,True
2014-0378,2014-0378,opinion,docket_match,high,True
2015-0203,2015-0203,opinion,docket_match,high,True
2014-0264,2014-0264,opinion,docket_match,high,True
2014-0336,2014-0336,case_order,docket_match,high,True
2014-0417,2014-0417,opinion,docket_match,high,True
2014-0457,2014-0457,opinion,docket_match,high,True
2014-0493,2014-0493,opinion,docket_match,high,True
2014-0594,2014-0594,opinion,docket_match,high,True
2014-0614,2014-0614,case_order,docket_match,high,True
2014-0619,2014-0619,opinion,docket_match,high,True
2013-0591,2015080exxon,opinion,docket_match,high,True
2013-0554,2013-0554,opinion,docket_match,high,True
2014-0249,2014-0249,3jx_order,docket_match,high,True
2014-0364,2014-0364,case_order,docket_match,high,True
2014-0381,2014-0381,3jx_order,docket_match,high,True
2014-0480,2014-0480,opinion,docket_match,high,True
2014-0516,2014-0516,case_order,docket_match,high,True
2014-0566,2014-0566,opinion,docket_match,high,True
2013-0882,2013-0882,opinion,docket_match,high,True
2014-0459,2014-0459,case_order,docket_match,high,True
2014-0553,2014-0553,opinion,docket_match,high,True
2014-0615,2014-0615,case_order,docket_match,high,True
2014-0617,2014-0617,opinion,docket_match,high,True
2014-0656,2014-0656,case_order,docket_match,high,True
2014-0773,2014-0773,opinion,docket_match,high,True
2015-0037,2015-0037,case_order,docket_match,high,True
2014-0362,2014-0362,opinion,docket_match,high,True
2014-0373,2014-0373,case_order,docket_match,high,True
2014-0580,2014-0580,opinion,docket_match,high,True
2014-0702,2014-0702,opinion,docket_match,high,True
2014-0725,2014-0725,opinion,docket_match,high,True
2014-0815,2014-0815,case_order,docket_match,high,True
2013-0031,2013-0031,3jx_order,docket_match,high,True
2014-0085,2014-0085,3jx_order,docket_match,high,True
2014-0287,2014-0287,3jx_order,docket_match,high,True
2014-0335,2014-0335,3jx_order,docket_match,high,True
2014-0372,2014-0372,3jx_order,docket_match,high,True
2014-0395,2014-0395,3jx_order,docket_match,high,True
2014-0515,2014-0515,3jx_order,docket_match,high,True
2013-0076,2013-0076,opinion,docket_match,high,True
2013-0489,2013-0489,opinion,docket_match,high,True
2014-0315,2014-0315,opinion,docket_match,high,True
2014-0607,2014-0607,opinion,docket_match,high,True
2014-0650,2014-0650,opinion,docket_match,high,True
2014-0734,2014-0734,case_order,docket_match,high,True
2014-0112,,opinion,docket_match,review,True
2014-0537,2014-0537,case_order,docket_match,high,True
2014-0562,2014-0562,case_order,docket_match,high,True
2014-0591,2014-0591,opinion,docket_match,high,True
2014-0674,2014-0674,opinion,docket_match,high,True
2014-0775,2014-0775,opinion,docket_match,high,True
2014-0793,2014-0793,case_order,docket_match,high,True
2014-0801,2014-0801,opinion,docket_match,high,True
2014-0682,,case_order,docket_match,review,True
2014-0698,2014-0698,case_order,docket_match,high,True
2014-0729,2014-0729,case_order,docket_match,high,True
2014-0762,,opinion,docket_match,review,True
2015-0028,2015-0028,case_order,docket_match,high,True
2015-0030,2015-0030,opinion,docket_match,high,True
2015-0258,2015-0258,opinion,docket_match,high,True
2014-0115,2014-0115,3jx_order,docket_match,high,True
2014-0275,2014-0275,3jx_order,docket_match,high,True
2014-0498,2014-0498,3jx_order,docket_match,high,True
2014-0651,2014-0651,3jx_order,docket_match,high,True
2015-0031,2015-0031,3jx_order,docket_match,high,True
2014-0776,2014-0776,opinion,docket_match,high,True
2014-0794,2014-0794,opinion,docket_match,high,True
2014-0816,2014-0816,case_order,docket_match,high,True
2015-0062,2015-0062,opinion,docket_match,high,True
2015-0067,2015-0067,case_order,docket_match,high,True
2015-0068,2015-0068,case_order,docket_match,high,True
2013-0762,2013-0762,opinion,docket_match,high,True
2014-0513,2014-0513,opinion,docket_match,high,True
2015-0115,2015-0115,opinion,docket_match,high,True
2015-0250,2015-0250,case_order,docket_match,high,True
2013-0800,2013-0800,3jx_order,docket_match,high,True
2014-0639,2014-0639,3jx_order,docket_match,high,True
2014-0812,2014-0812,opinion,docket_match,high,True
2015-0070,2015-0070,3jx_order,docket_match,high,True
2015-0074,2015-0074,3jx_order,docket_match,high,True
2014-0583,2014-0583,opinion,docket_match,high,True
2014-0659,2014-0659,opinion,docket_match,high,True
2015-0019,2015-0019,opinion,docket_match,high,True
2015-0032,2015-0032,opinion,docket_match,high,True
2015-0103,2015-0103,opinion,docket_match,high,True
2015-0143,2015-0143,opinion,docket_match,high,True
2015-0256,2015-0256,opinion,docket_match,high,True
2014-0631,2014-0631,opinion,docket_match,high,True
2014-0744,2014-0744,case_order,docket_match,high,True
2015-0187,2015-0187,opinion,docket_match,high,True
2015-0233,2015-0233,opinion,docket_match,high,True
2015-0351,,opinion,docket_match,review,True
2014-0745,2014-0745,case_order,docket_match,high,True
2015-0226,2015-0226,3jx_order,docket_match,high,True
2014-0720,,case_order,docket_match,review,True
2014-0739,2014-0739,opinion,docket_match,high,True
2015-0264,2015-0264,opinion,docket_match,high,True
2015-0270,2015-0270,case_order,docket_match,high,True
2015-0274,2015-0274,opinion,docket_match,high,True
2015-0333,2015-0333,opinion,docket_match,high,True
2015-0361,2015-0361,opinion,docket_match,high,True
2014-0662,2014-0662,opinion,docket_match,high,True
2015-0255,2015-0255,opinion,docket_match,high,True
2015-0366,2015-0366,opinion,docket_match,high,True
2015-0442,2015-0442,opinion,docket_match,high,True
2015-0477,2015-0477,opinion,docket_match,high,True
2014-0755,2014-0755,3jx_order,docket_match,high,True
2015-0222,2015-0222,3jx_order,docket_match,high,True
2015-0332,2015-0332,opinion,docket_match,high,True
2015-0384,2015-0384,3jx_order,docket_match,high,True
2014-0163,2016025cable,opinion,docket_match,high,True
2014-0721,2014-0721,opinion,docket_match,high,True
2015-0064,2015-0064,case_order,docket_match,high,True
2015-0155,2015-0155,opinion,docket_match,high,True
2015-0205,2015-0205,opinion,docket_match,high,True
2015-0342,2015-0342,opinion,docket_match,high,True
2015-0400,2015-0400,opinion,docket_match,high,True
2015-0174,2015-0174,opinion,docket_match,high,True
2015-0207,2015-0207,3jx_order,docket_match,high,True
2015-0382,2015-0382,case_order,docket_match,high,True
2015-0538,2015-0538,case_order,docket_match,high,True
2015-0218,2015-0218,opinion,docket_match,high,True
2015-0443,2015-0443,case_order,docket_match,high,True
2015-0536,2015-0536,opinion,docket_match,high,True
2015-0485,2015-0485,opinion,docket_match,high,True
2015-0537,2015-0537,case_order,docket_match,high,True
2015-0542,2015-0542,case_order,docket_match,high,True
2015-0573,2015-0573,opinion,docket_match,high,True
2015-0071,2015-0071,3jx_order,docket_match,high,True
2015-0315,2015-0315,3jx_order,docket_match,high,True
2014-0765,2014-0765,opinion,docket_match,high,True
2015-0383,2015-0383,opinion,docket_match,high,True
2015-0412,2015-0412,opinion,docket_match,high,True
2015-0029,2015-0029,3jx_order,docket_match,high,True
2015-0248,2015-0248,3jx_order,docket_match,high,True
2015-0339,2015-0339,3jx_order,docket_match,high,True
2015-0247,2015-0247,opinion,docket_match,high,True
2015-0335,2015-0335,opinion,docket_match,high,True
2015-0345,2015-0345,opinion,docket_match,high,True
2015-0430,2015-0430,opinion,docket_match,high,True
2015-0253,2015-0253,opinion,docket_match,high,True
2015-0338,2015-0338,opinion,docket_match,high,True
2015-0514,,opinion,docket_match,review,True
2015-0650,2015-0650,opinion,docket_match,high,True
2014-0774,2014-0774,opinion,docket_match,high,True
2015-0395,2015-0395,opinion,docket_match,high,True
2015-0434,20150434,case_order,docket_match,high,True
2014-0687,2014-0687,3jx_order,docket_match,high,True
2014-0750,2014-0750,3jx_order,docket_match,high,True
2015-0293,2015-0293,3jx_order,docket_match,high,True
2015-0401,2015-0401,3jx_order,docket_match,high,True
2014-0536,2014-0536,case_order,docket_match,high,True
2015-0349,2015-0349,opinion,docket_match,high,True
2015-0499,2015-0499,opinion,docket_match,high,True
2015-0605,2015-0605,opinion,docket_match,high,True
2015-0185,2015-0185,case_order,docket_match,high,True
2015-0404,2015-0404,opinion,docket_match,high,True
2015-0471,2015-0471,opinion,docket_match,high,True
2015-0498,2015-0498,opinion,docket_match,high,True
2015-0682,2015-0682,case_order,docket_match,high,True
2015-0392,2015-0392,3jx_order,docket_match,high,True
2015-0561,2015-0561,opinion,docket_match,high,True
2015-0569,2015-0569,opinion,docket_match,high,True
2015-0286,2015-0286,case_order,docket_match,high,True
2015-0329,2015-0329,opinion,docket_match,high,True
2015-0671,2015-0671,opinion,docket_match,high,True
2015-0694,2015-0694,opinion,docket_match,high,True
2015-0748,2015-0748,opinion,docket_match,high,True
2014-0592,2014-0592,opinion,docket_match,high,True
2015-0358,2015-0358,opinion,docket_match,high,True
2015-0368,2015-0368,case_order,docket_match,high,True
2015-0583,2015-0583,opinion,docket_match,high,True
2015-0701,2015-0701,3jx_order,docket_match,high,True
2015-0480,2015-0480,opinion,docket_match,high,True
2015-0524,2015-0524,opinion,docket_match,high,True
2015-0588,2015-0588,case_order,docket_match,high,True
2016-0050,2016-0050,case_order,docket_match,high,True
2016-0212,2016-0212,opinion,docket_match,high,True
2015-0457,2015-0457,opinion,docket_match,high,True
2015-0570,2015-0570,opinion,docket_match,high,True
2014-0791,2014-0791,opinion,docket_match,high,True
2015-0289,,opinion,docket_match,review,True
2015-0377,2015-0377,opinion,docket_match,high,True
2015-0624,2015-0624,opinion,docket_match,high,True
2014-0276,2014-0276,3jx_order,docket_match,high,True
2015-0658,2015-0658,3jx_order,docket_match,high,True
2016-0067,2016-0067,3jx_order,docket_match,high,True
2013-0480,2013-0480,opinion,docket_match,high,True
2015-0510,2015-0510,case_order,docket_match,high,True
2015-0636,2015-0636,opinion,docket_match,high,True
2015-0692,2015-0692,opinion,docket_match,high,True
2015-0720,2015-0720,case_order,docket_match,high,True
2016-0115,2016-0115,case_order,docket_match,high,True
2016-0122,2016-0122,opinion,docket_match,high,True
2016-0152,2016-0152,opinion,docket_match,high,True
2016-0176,2016-0176,opinion,docket_match,high,True
2014-0454,20140454,case_order,docket_match,high,True
2015-0609,2015-0609,opinion,docket_match,high,True
2016-0141,2016-0141,opinion,docket_match,high,True
2016-0177,2016-0177,opinion,docket_match,high,True
2016-0107,2016-0107,3jx_order,docket_match,high,True
2015-0484,2015-0484,opinion,docket_match,high,True
2016-0187,2016-0187,opinion,docket_match,high,True
2016-0064,2016-0064,case_order,docket_match,high,True
2014-0299,,opinion,docket_match,review,True
2014-0370,2017043candello,opinion,docket_match,high,True
2016-0151,2016-0151,opinion,docket_match,high,True
2016-0304,2016-0304,opinion,docket_match,high,True
2016-0088,2016-0088,case_order,docket_match,high,True
2016-0305,2016-0305,opinion,docket_match,high,True
2016-0350,2016-0350,opinion,docket_match,high,True
2016-0199,2016-0199,opinion,docket_match,high,True
2016-0243,2016-0243,opinion,docket_match,high,True
2016-0390,,opinion,docket_match,review,True
2015-0446,2015-0446,opinion,docket_match,high,True
2016-0219,2016-0219,case_order,docket_match,high,True
2016-0224,2016-0224,opinion,docket_match,high,True
2016-0289,2016-0289,case_order,docket_match,high,True
2016-0018,ld20160018,case_order,docket_match,high,True
2016-0379,2016-0379,3jx_order,docket_match,high,True
2016-0646,2016-0646,3jx_order,docket_match,high,True
2015-0683,2015-0683,opinion,docket_match,high,True
2016-0130,2016-0130,opinion,docket_match,high,True
2016-0209,2016-0209,case_order,docket_match,high,True
2016-0258,2016-0258,opinion,docket_match,high,True
2016-0357,2016-0357,opinion,docket_match,high,True
2015-0271,2015-0271,case_order,docket_match,high,True
2016-0251,,opinion,docket_match,review,True
2016-0268,2016-0268,opinion,docket_match,high,True
2016-0406,2016-0406,opinion,docket_match,high,True
2016-0201,2016-0201,case_order,docket_match,high,True
2016-0313,2016-0313,case_order,docket_match,high,True
2016-0328,2016-0328,case_order,docket_match,high,True
2016-0400,2016-0400,opinion,docket_match,high,True
2016-0318,2016-0318,opinion,docket_match,high,True
2016-0427,,opinion,docket_match,review,True
2016-0440,2016-0440,3jx_order,docket_match,high,True
2016-0472,2016-0472,3jx_order,docket_match,high,True
2016-0137,2016-0137,opinion,docket_match,high,True
2016-0528,2016-0528,opinion,docket_match,high,True
2016-0296,2016-0296,opinion,docket_match,high,True
2016-0540,2016-0540,opinion,docket_match,high,True
2016-0584,,opinion,docket_match,review,True
2016-0398,2016-0398,opinion,docket_match,high,True
2016-0491,2016-0491,opinion,docket_match,high,True
2016-0507,2016-0507,opinion,docket_match,high,True
2016-0263,2016-0263,3jx_order,docket_match,high,True
2016-0270,2016-0270,3jx_order,docket_match,high,True
2016-0361,2016-0361,3jx_order,docket_match,high,True
2016-0468,2016-0468,opinion,docket_match,high,True
2016-0235,2016-0235,opinion,docket_match,high,True
2016-0241,2016-0241,opinion,docket_match,high,True
2016-0370,2016-0370,opinion,docket_match,high,True
2016-0558,2016-0558,opinion,docket_match,high,True
2016-0562,2016-0562,case_order,docket_match,high,True
2016-0494,2016-0494,case_order,docket_match,high,True
2016-0505,2016-0505,3jx_order,docket_match,high,True
2016-0543,2016-0543,case_order,docket_match,high,True
2016-0635,2016-0635,3jx_order,docket_match,high,True
2016-0657,2016-0657,case_order,docket_match,high,True
2016-0191,2016-0191,case_order,docket_match,high,True
2016-0535,2016-0535,opinion,docket_match,high,True
2016-0354,2016-0354,opinion,docket_match,high,True
2016-0569,2016-0569,case_order,docket_match,high,True
2016-0592,2016-0592,opinion,docket_match,high,True
2016-0649,2016-0649,case_order,docket_match,high,True
2016-0585,2016-0585,3jx_order,docket_match,high,True
2016-0563,2016-0563,3jx_order,docket_match,high,True
2016-0567,2016-0567,opinion,docket_match,high,True
2016-0582,2016-0582,case_order,docket_match,high,True
2016-0687,2016-0687,case_order,docket_match,high,True
2016-0544,,opinion,docket_match,review,True
2016-0639,2016-0639,opinion,docket_match,high,True
2016-0655,2016-0655,case_order,docket_match,high,True
2016-0667,2016-0667,opinion,docket_match,high,True
2017-0007,2017-0007,opinion,docket_match,high,True
2016-0426,2016-0426,opinion,docket_match,high,True
2016-0573,2016-0573,opinion,docket_match,high,True
2016-0668,,opinion,docket_match,review,True
2016-0679,2016-0679,case_order,docket_match,high,True
2016-0118,2016-0118,opinion,docket_match,high,True
2016-0583,2016-0583,case_order,docket_match,high,True
2017-0137,,opinion,docket_match,review,True
2016-0382,2016-0382,3jx_order,docket_match,high,True
2016-0478,2018027silva,opinion,docket_match,high,True
2016-0530,2016-0530,opinion,docket_match,high,True
2016-0594,2016-0594,3jx_order,docket_match,high,True
2016-0627,2016-0627,3jx_order,docket_match,high,True
2012-0663,2012-0663,3jx_order,docket_match,high,True
2016-0621,2016-0621,3jx_order,docket_match,high,True
2017-0050,2017-0050,3jx_order,docket_match,high,True
2016-0441,2016-0441,opinion,docket_match,high,True
2017-0115,2018017sea,opinion,docket_match,high,True
2016-0518,2016-0518,opinion,docket_match,high,True
2016-0546,2016-0546,opinion,docket_match,high,True
2016-0692,2016-0692,opinion,docket_match,high,True
2016-0694,2016-0694,case_order,docket_match,high,True
2017-0003,2017-0003,case_order,docket_match,high,True
2017-0110,2017-0110,opinion,docket_match,high,True
2017-0142,2017-0142,opinion,docket_match,high,True
2017-0159,2017-0159,opinion,docket_match,high,True
2017-0030,2017-0030,opinion,docket_match,high,True
2017-0056,2017-0056,case_order,docket_match,high,True
2017-0294,2017-0294,3jx_order,docket_match,high,True
2017-0035,2017-0035,opinion,docket_match,high,True
2017-0143,2017-0143,opinion,docket_match,high,True
2017-0187,2017-0187,opinion,docket_match,high,True
2017-0225,2017-0225,opinion,docket_match,high,True
2017-0008,2017-0008,opinion,docket_match,high,True
2017-0080,2017-0080,opinion,docket_match,high,True
2017-0313,2017-0313,opinion,docket_match,high,True
2017-0372,2017-0372,case_order,docket_match,high,True
2017-0409,2017-0409,opinion,docket_match,high,True
2016-0233,2016-0233,3jx_order,docket_match,high,True
2017-0053,2017-0053,case_order,docket_match,high,True
2017-0116,2017-0116,opinion,docket_match,high,True
2017-0371,2017-0371,opinion,docket_match,high,True
2016-0654,2016-0654,case_order,docket_match,high,True
2017-0066,2017-0066,opinion,docket_match,high,True
2017-0120,2017-0120,case_order,docket_match,high,True
2017-0151,2017-0151,opinion,docket_match,high,True
2016-0363,2016-0363,opinion,docket_match,high,True
2017-0104,2017-0104,opinion,docket_match,high,True
2017-0277,2017-0277,case_order,docket_match,high,True
2017-0153,2017-0153,opinion,docket_match,high,True
2017-0170,2017-0170,opinion,docket_match,high,True
2017-0257,2017-0257,case_order,docket_match,high,True
2017-0246,2017-0246,opinion,docket_match,high,True
2017-0261,2017-0261,case_order,docket_match,high,True
2017-0532,2017-0532,opinion,docket_match,high,True
2017-0073,2017-0073,case_order,docket_match,high,True
2017-0346,2017-0346,opinion,docket_match,high,True
2017-0429,2017-0429,opinion,docket_match,high,True
2017-0059,2017-0059,3jx_order,docket_match,high,True
2017-0321,2017-0321,3jx_order,docket_match,high,True
2017-0198,2017-0198,opinion,docket_match,high,True
2017-0318,2017-0318,opinion,docket_match,high,True
2017-0362,2017-0362,opinion,docket_match,high,True
2017-0451,2017-0451,case_order,docket_match,high,True
2017-0519,2017-0519,case_order,docket_match,high,True
2017-0381,2017-0381,opinion,docket_match,high,True
2017-0385,2017-0385,opinion,docket_match,high,True
2017-0412,2017-0412,case_order,docket_match,high,True
2017-0422,2017-0422,opinion,docket_match,high,True
2017-0449,2017-0449,opinion,docket_match,high,True
2017-0338,2017-0338,3jx_order,docket_match,high,True
2017-0410,2017-0410,3jx_order,docket_match,high,True
2017-0515,2017-0515,opinion,docket_match,high,True
2016-0568,2016-0568,3jx_order,docket_match,high,True
2017-0458,2017-0458,3jx_order,docket_match,high,True
2017-0464,2017-0464,3jx_order,docket_match,high,True
2017-0472,2017-0472,opinion,docket_match,high,True
2017-0514,2017-0514,opinion,docket_match,high,True
2017-0535,2017-0535,case_order,docket_match,high,True
2017-0536,2017-0536,opinion,docket_match,high,True
2017-0548,2017-0548,opinion,docket_match,high,True
2017-0280,2017-0280,opinion,docket_match,high,True
2017-0295,2017-0295,opinion,docket_match,high,True
2017-0378,2017-0378,case_order,docket_match,high,True
2017-0518,2017-0518,opinion,docket_match,high,True
2017-0675,2017-0675,case_order,docket_match,high,True
2017-0048,2017-0048,case_order,docket_match,high,True
2017-0328,2017-0328,3jx_order,docket_match,high,True
2017-0403,2017-0403,opinion,docket_match,high,True
2017-0469,2017-0469,opinion,docket_match,high,True
2017-0512,2017-0512,opinion,docket_match,high,True
2017-0530,2017-0530,3jx_order,docket_match,high,True
2017-0567,2017-0567,3jx_order,docket_match,high,True
2017-0630,2017-0630,3jx_order,docket_match,high,True
2017-0387,2017-0387,opinion,docket_match,high,True
2017-0413,2017-0413,opinion,docket_match,high,True
2017-0443,2017-0443,opinion,docket_match,high,True
2017-0595,2017-0595,opinion,docket_match,high,True
2017-0673,2017-0673,opinion,docket_match,high,True
2015-0010,2015-0010,3jx_order,docket_match,high,True
2017-0288,2017-0288,3jx_order,docket_match,high,True
2015-0687,2015-0687,opinion,docket_match,high,True
2016-0577,2016-0577,opinion,docket_match,high,True
2017-0559,2017-0559,opinion,docket_match,high,True
2017-0439,2017-0439,case_order,docket_match,high,True
2017-0598,2017-0598,3jx_order,docket_match,high,True
2017-0557,2017-0557,opinion,docket_match,high,True
2017-0599,2017-0599,opinion,docket_match,high,True
2017-0634,2017-0634,opinion,docket_match,high,True
2017-0665,2017-0665,opinion,docket_match,high,True
2017-0717,2017-0717,opinion,docket_match,high,True
2018-0139,2018-0139,opinion,docket_match,high,True
2017-0569,2017-0569,opinion,docket_match,high,True
2017-0658,2017-0658,opinion,docket_match,high,True
2017-0682,2017-0682,opinion,docket_match,high,True
2017-0729,2017-0729,opinion,docket_match,high,True
2018-0006,2018-0006,opinion,docket_match,high,True
2018-0060,2018-0060,opinion,docket_match,high,True
2017-0480,2017-0480,3jx_order,docket_match,high,True
2017-0713,2017-0713,3jx_order,docket_match,high,True
2018-0076,2018-0076,3jx_order,docket_match,high,True
2017-0425,2017-0425,opinion,docket_match,high,True
2017-0692,2017-0692,opinion,docket_match,high,True
2016-0429,2016-0429,case_order,docket_match,high,True
2016-0701,2016-0701,opinion,docket_match,high,True
2018-0035,2018-0035,opinion,docket_match,high,True
2018-0061,2018-0061,opinion,docket_match,high,True
2018-0092,2018-0092,opinion,docket_match,high,True
2018-0166,2018-0166,case_order,docket_match,high,True
2017-0420,2017-0420,3jx_order,docket_match,high,True
2017-0624,2017-0624,3jx_order,docket_match,high,True
2017-0712,2017-0712,opinion,docket_match,high,True
2017-0414,2017-0414,case_order,docket_match,high,True
2017-0459,2017-0459,case_order,docket_match,high,True
2017-0714,2017-0714,opinion,docket_match,high,True
2018-0025,2018-0025,opinion,docket_match,high,True
2018-0138,2018-0138,case_order,docket_match,high,True
2018-0208,2018-0208,opinion,docket_match,high,True
2017-0265,2017-0265,opinion,docket_match,high,True
2017-0632,2017-0632,opinion,docket_match,high,True
2018-0094,2018-0094,opinion,docket_match,high,True
2018-0136,2018-0136,opinion,docket_match,high,True
2017-0329,2017-0329,3jx_order,docket_match,high,True
2018-0217,2018-0217,opinion,docket_match,high,True
2017-0708,2017-0708,3jx_order,docket_match,high,True
2018-0068,2018-0068,opinion,docket_match,high,True
2018-0308,2018-0308,3jx_order,docket_match,high,True
2017-0674,2017-0674,opinion,docket_match,high,True
2017-0697,2017-0697,opinion,docket_match,high,True
2018-0029,2018-0029,opinion,docket_match,high,True
2018-0047,2018-0047,opinion,docket_match,high,True
2018-0031,2018-0031,opinion,docket_match,high,True
2018-0096,2018-0096,opinion,docket_match,high,True
2017-0693,2017-0693,opinion,docket_match,high,True
2018-0198,2018-0198,opinion,docket_match,high,True
2018-0309,2018-0309,opinion,docket_match,high,True
2017-0687,2017-0687,opinion,docket_match,high,True
2018-0145,2018-0145,case_order,docket_match,high,True
2018-0268,2018-0268,opinion,docket_match,high,True
2018-0013,2018-0013,opinion,docket_match,high,True
2018-0182,2018-0182,opinion,docket_match,high,True
2018-0239,2018-0239,case_order,docket_match,high,True
2017-0721,2017-0721,case_order,docket_match,high,True
2018-0222,2018-0222,opinion,docket_match,high,True
2018-0425,2018-0425,opinion,docket_match,high,True
2018-0151,2018-0151,3jx_order,docket_match,high,True
2018-0118,2018-0118,opinion,docket_match,high,True
2018-0172,2018-0172,opinion,docket_match,high,True
2018-0244,2018-0244,case_order,docket_match,high,True
2018-0154,2018-0154,case_order,docket_match,high,True
2018-0296,2018-0296,opinion,docket_match,high,True
2018-0328,2018-0328,case_order,docket_match,high,True
2018-0184,2018-0184,3jx_order,docket_match,high,True
2018-0234,2018-0234,3jx_order,docket_match,high,True
2018-0245,2018-0245,3jx_order,docket_match,high,True
2018-0332,2018-0332,opinion,docket_match,high,True
2018-0479,2018-0479,opinion,docket_match,high,True
2018-0517,2018-0517,opinion,docket_match,high,True
2017-0541,2017-0541,3jx_order,docket_match,high,True
2018-0280,2018-0280,3jx_order,docket_match,high,True
2018-0130,2018-0130,opinion,docket_match,high,True
2018-0171,2018-0171,opinion,docket_match,high,True
2018-0202,2018-0202,opinion,docket_match,high,True
2018-0468,2018-0468,opinion,docket_match,high,True
2018-0495,2018-0495,opinion,docket_match,high,True
2018-0561,2018-0561,case_order,docket_match,high,True
2018-0604,2018-0604,opinion,docket_match,high,True
2017-0361,2017-0361,opinion,docket_match,high,True
2018-0526,2018-0526,opinion,docket_match,high,True
2018-0648,2018-0648,opinion,docket_match,high,True
2018-0675,2018-0675,opinion,docket_match,high,True
2018-0264,2018-0264,opinion,docket_match,high,True
2018-0310,2018-0310,case_order,docket_match,high,True
2018-0347,2018-0347,case_order,docket_match,high,True
2018-0491,2018-0491,opinion,docket_match,high,True
2017-0542,2017-0542,3jx_order,docket_match,high,True
2018-0284,2018-0284,3jx_order,docket_match,high,True
2018-0436,2018-0436,3jx_order,docket_match,high,True
2018-0292,2018-0292,opinion,docket_match,high,True
2018-0355,2018-0355,opinion,docket_match,high,True
2018-0537,2019071newenglandbackflow,opinion,docket_match,high,True
2018-0617,,case_order,docket_match,review,True
2018-0141,2019072lane,opinion,docket_match,high,True
2018-0229,2018-0229,case_order,docket_match,high,True
2018-0624,2018-0624,opinion,docket_match,high,True
2018-0439,2018-0439,3jx_order,docket_match,high,True
2019-0003,2019-0003,3jx_order,docket_match,high,True
2018-0327,2018-0327,opinion,docket_match,high,True
2018-0490,2018-0490,opinion,docket_match,high,True
2018-0591,2018-0591,opinion,docket_match,high,True
2018-0649,2018-0649,opinion,docket_match,high,True
2018-0318,2018-0318,opinion,docket_match,high,True
2018-0464,2019073barr,opinion,docket_match,high,True
2018-0545,2018-0545,case_order,docket_match,high,True
2018-0570,2018-0570,opinion,docket_match,high,True
2018-0637,2018-0637,opinion,docket_match,high,True
2017-0336,2020040turcotte,opinion,docket_match,high,True
2018-0416,2018-0416,opinion,docket_match,high,True
2018-0423,2018-0423,case_order,docket_match,high,True
2018-0548,2018-0548,case_order,docket_match,high,True
2018-0602,2018-0602,opinion,docket_match,high,True
2018-0651,2018-0651,opinion,docket_match,high,True
2018-0680,2018-0680,opinion,docket_match,high,True
2018-0339,2018-0339,3jx_order,docket_match,high,True
2018-0452,2018-0452,3jx_order,docket_match,high,True
2018-0546,2018-0546,3jx_order,docket_match,high,True
2018-0711,2018-0711,3jx_order,docket_match,high,True
2019-0039,2019-0039,3jx_order,docket_match,high,True
2018-0575,2018-0575,opinion,docket_match,high,True
2018-0650,2018-0650,opinion,docket_match,high,True
2018-0674,2018-0674,case_order,docket_match,high,True
2018-0702,2018-0702,opinion,docket_match,high,True
2018-0706,2018-0706,opinion,docket_match,high,True
2019-0022,2019-0022,case_order,docket_match,high,True
2019-0031,2019-0031,3jx_order,docket_match,high,True
2018-0709,2018-0709,case_order,docket_match,high,True
2019-0027,2019-0027,opinion,docket_match,high,True
2019-0061,2019-0061,opinion,docket_match,high,True
2019-0092,2019-0092,opinion,docket_match,high,True
2019-0115,2019-0115,opinion,docket_match,high,True
2019-0057,2019-0057,opinion,docket_match,high,True
2019-0134,2019-0134,opinion,docket_match,high,True
2019-0135,2019-0135,opinion,docket_match,high,True
2019-0206,2019-0206,opinion,docket_match,high,True
2019-0217,2019-0217,case_order,docket_match,high,True
2018-0102,2018-0102,3jx_order,docket_match,high,True
2018-0406,2018-0406,3jx_order,docket_match,high,True
2018-0667,2018-0667,3jx_order,docket_match,high,True
2019-0035,2019-0035,3jx_order,docket_match,high,True
2019-0099,2019-0099,3jx_order,docket_match,high,True
2018-0341,2018-0341,opinion,docket_match,high,True
2018-0647,2018-0647,opinion,docket_match,high,True
2019-0067,2019-0067,opinion,docket_match,high,True
2019-0096,2019-0096,case_order,docket_match,high,True
2018-0551,2018-0551,opinion,docket_match,high,True
2019-0107,2019-0107,opinion,docket_match,high,True
2019-0121,2019-0121,opinion,docket_match,high,True
2019-0156,,case_order,docket_match,review,True
2019-0197,2019-0197,opinion,docket_match,high,True
2018-0369,2018-0369,case_order,docket_match,high,True
2018-0700,2018-0700,opinion,docket_match,high,True
2019-0236,2019-0236,opinion,docket_match,high,True
2019-0273,2019-0273,case_order,docket_match,high,True
2018-0402,2018-0402,opinion,docket_match,high,True
2018-0481,2018-0481,case_order,docket_match,high,True
2018-0608,2018-0608,opinion,docket_match,high,True
2019-0150,2019-0150,opinion,docket_match,high,True
2019-0229,2019-0229,case_order,docket_match,high,True
2019-0171,2019-0171,opinion,docket_match,high,True
2019-0339,2019-0339,opinion,docket_match,high,True
2019-0012,2019-0012,opinion,docket_match,high,True
2019-0120,2019-0120,opinion,docket_match,high,True
2019-0287,2019-0287,case_order,docket_match,high,True
2019-0307,2019-0307,opinion,docket_match,high,True
2019-0372,2019-0372,case_order,docket_match,high,True
2019-0277,2019-0277,case_order,docket_match,high,True
2019-0328,2019-0328,opinion,docket_match,high,True
2019-0507,2019-0507,opinion,docket_match,high,True
2019-0693,2019-0693,opinion,docket_match,high,True
2019-0299,2019-0716,case_order,docket_match,high,True
2019-0278,2019-0278,case_order,docket_match,high,True
2019-0396,2019-0396,case_order,docket_match,high,True
2019-0319,2019-0319,opinion,docket_match,high,True
2019-0460,2019-0460,opinion,docket_match,high,True
2019-0280,2019-0280,opinion,docket_match,high,True
2019-0302,2019-0302,opinion,docket_match,high,True
2019-0493,2019-0493,case_order,docket_match,high,True
2018-0433,2018-0433,opinion,docket_match,high,True
2019-0464,2019-0464,opinion,docket_match,high,True
2019-0354,2019-0354,opinion,docket_match,high,True
2019-0072,2019-0072,opinion,docket_match,high,True
2019-0250,2019-0250,opinion,docket_match,high,True
2019-0548,2019-0548,opinion,docket_match,high,True
2019-0124,2019-0124,opinion,docket_match,high,True
2019-0535,2019-0535,opinion,docket_match,high,True
2019-0705,2019-0705,case_order,docket_match,high,True
2019-0200,2019-0200,case_order,docket_match,high,True
2019-0346,2019-0346,case_order,docket_match,high,True
2019-0553,2019-0553,opinion,docket_match,high,True
2019-0240,2019-0240,case_order,docket_match,high,True
2019-0279,2019-0279,opinion,docket_match,high,True
2019-0442,2019-0442,case_order,docket_match,high,True
2019-0719,2019-0719,opinion,docket_match,high,True
2019-0752,2019-0752,opinion,docket_match,high,True
2019-0371,2019-0371,opinion,docket_match,high,True
2019-0500,2019-0500,opinion,docket_match,high,True
2019-0539,2019-0539,opinion,docket_match,high,True
2019-0522,2019-0522,case_order,docket_match,high,True
2019-0590,2019-0590,opinion,docket_match,high,True
2019-0407,2019-0407,opinion,docket_match,high,True
2019-0616,2019-0616,opinion,docket_match,high,True
2019-0654,2019-0654,case_order,docket_match,high,True
2019-0528,2019-0528,case_order,docket_match,high,True
2019-0620,2019-0620,opinion,docket_match,high,True
2019-0608,2019-0608,opinion,docket_match,high,True
2019-0739,2019-0739,case_order,docket_match,high,True
2020-0005,2020-0005,opinion,docket_match,high,True
2020-0414,2020-0414,opinion,docket_match,high,True
2019-0685,2019-0685,opinion,docket_match,high,True
2019-0734,2019-0734,opinion,docket_match,high,True
2020-0100,2020-0100,case_order,docket_match,high,True
2020-0033,2020-0033,case_order,docket_match,high,True
2020-0034,2020-0034,opinion,docket_match,high,True
2020-0049,2020-0049,opinion,docket_match,high,True
2019-0598,2019-0598,3jx_order,docket_match,high,True
2020-0365,2020-0365,case_order,docket_match,high,True
2019-0605,2019-0605,opinion,docket_match,high,True
2019-0727,2019-0727,opinion,docket_match,high,True
2020-0001,2020-0001,case_order,docket_match,high,True
2020-0185,2020-0185,opinion,docket_match,high,True
2019-0716,2019-0716,case_order,docket_match,high,True
2018-0104,2018-0104,opinion,docket_match,high,True
2018-0662,2018-0662,case_order,docket_match,high,True
2019-0603,2019-0603,opinion,docket_match,high,True
2019-0622,,case_order,docket_match,review,True
2019-0653,2019-0653,opinion,docket_match,high,True
2019-0668,2019-0668,case_order,docket_match,high,True
2019-0736,2019-0736,case_order,docket_match,high,True
2020-0268,2020-0268,opinion,docket_match,high,True
2020-0163,2020-0163,opinion,docket_match,high,True
2020-0216,2021044sivalingam,opinion,docket_match,high,True
2020-0052,2020-0052,opinion,docket_match,high,True
2020-0063,2020-0063,case_order,docket_match,high,True
2020-0080,2020-0080,opinion,docket_match,high,True
2020-0167,2020-0167,opinion,docket_match,high,True
2020-0226,2020-0226,3jx_order,docket_match,high,True
2020-0443,2020-0443,3jx_order,docket_match,high,True
2019-0537,2019-0537,case_order,docket_match,high,True
2019-0680,2019-0680,opinion,docket_match,high,True
2020-0249,,case_order,docket_match,review,True
2020-0239,2020-0239,case_order,docket_match,high,True
2020-0454,2020-0454,opinion,docket_match,high,True
2020-0029,2022001Britton,opinion,docket_match,high,True
2020-0151,2020-0151,3jx_order,docket_match,high,True
2020-0201,2020-0201,case_order,docket_match,high,True
2018-0336,2018-0336,opinion,docket_match,high,True
2020-0025,2020-0025,opinion,docket_match,high,True
2020-0053,2020-0053,opinion,docket_match,high,True
2020-0320,2020-0320,opinion,docket_match,high,True
2020-0172,2020-0172,case_order,docket_match,high,True
2020-0252,2020-0252,opinion,docket_match,high,True
2020-0515,2020-0515,opinion,docket_match,high,True
2020-0113,2020-0113,opinion,docket_match,high,True
2020-0518,2020-0518,opinion,docket_match,high,True
2020-0437,2020-0437,opinion,docket_match,high,True
2020-0449,2020-0449,case_order,docket_match,high,True
2016-0037,20160037and20190589,case_order,docket_match,high,True
2020-0259,2020-0259,opinion,docket_match,high,True
2020-0370,2021-0370,opinion,docket_match,high,True
2018-0315,2018-0315,case_order,docket_match,high,True
2020-0316,2020-0316,opinion,docket_match,high,True
2020-0275,2020-0275,opinion,docket_match,high,True
2020-0536,2020-0536,opinion,docket_match,high,True
2020-0538,2020-0538,opinion,docket_match,high,True
2020-0299,2020-0299,3jx_order,docket_match,high,True
2020-0473,2020-0473,case_order,docket_match,high,True
2020-0474,2020-0474,opinion,docket_match,high,True
2020-0475,2020-0475,opinion,docket_match,high,True
2021-0088,2021-0088,case_order,docket_match,high,True
2021-0168,2021-0168,opinion,docket_match,high,True
2020-0251,2020-0251,case_order,docket_match,high,True
2020-0358,2020-0358,opinion,docket_match,high,True
2018-0606,2022044newton,opinion,docket_match,high,True
2020-0416,2020-0416,opinion,docket_match,high,True
2021-0111,2021-0111,case_order,docket_match,high,True
2019-0737,2019-0737,case_order,docket_match,high,True
2020-0447,2020-0447,opinion,docket_match,high,True
2020-0521,2020-0521,case_order,docket_match,high,True
2021-0014,2021-0014,opinion,docket_match,high,True
2020-0450,2020-0450,opinion,docket_match,high,True
2020-0457,2020-0457,case_order,docket_match,high,True
2020-0204,2020-0204,opinion,docket_match,high,True
2020-0234,2020-0234,opinion,docket_match,high,True
2020-0470,2020-0470,opinion,docket_match,high,True
2021-0156,2021-0156,opinion,docket_match,high,True
2020-0165,2020-0165,opinion,docket_match,high,True
2020-0496,2020-0496,opinion,docket_match,high,True
2020-0563,2020-0563,opinion,docket_match,high,True
2021-0129,2021-0129,opinion,docket_match,high,True
2019-0265,2019-0265,opinion,docket_match,high,True
2021-0146,2021-0146,opinion,docket_match,high,True
2019-0503,2019-0503,opinion,docket_match,high,True
2019-0628,2019-0628,opinion,docket_match,high,True
2021-0031,2021-0031,case_order,docket_match,high,True
2021-0061,2021-0061,opinion,docket_match,high,True
2020-0322,2020-0322,opinion,docket_match,high,True
2021-0027,2022033nhstatetroopers,opinion,docket_match,high,True
2021-0138,2021-0138,opinion,docket_match,high,True
2021-0234,2021-0234,opinion,docket_match,high,True
2020-0569,2020-0569,opinion,docket_match,high,True
2021-0015,2021-0015,case_order,docket_match,high,True
2021-0068,2021-0068,opinion,docket_match,high,True
2021-0102,2021-0102,opinion,docket_match,high,True
2021-0250,2021-0250,case_order,docket_match,high,True
2021-0244,2021-0244,opinion,docket_match,high,True
2021-0075,2021-0075,case_order,docket_match,high,True
2021-0085,2021-0085,case_order,docket_match,high,True
2021-0139,2021-0139,opinion,docket_match,high,True
2019-0130,20190130and20220331,case_order,docket_match,high,True
2020-0148,2020-0148,opinion,docket_match,high,True
2021-0114,2021-0114,case_order,docket_match,high,True
2021-0142,2021-0142,case_order,docket_match,high,True
2021-0253,2021-0253,opinion,docket_match,high,True
2021-0274,2021-0274,case_order,docket_match,high,True
2020-0364,2020-0364,opinion,docket_match,high,True
2020-0570,2020-0570,opinion,docket_match,high,True
2021-0071,2021-0071,opinion,docket_match,high,True
2021-0187,2021-0187,opinion,docket_match,high,True
2021-0194,2021-0194,opinion,docket_match,high,True
2021-0211,2021-0211,opinion,docket_match,high,True
2019-0047,,opinion,docket_match,review,True
2021-0053,2021-0053,opinion,docket_match,high,True
2021-0222,,case_order,docket_match,review,True
2021-0286,2021-0286,case_order,docket_match,high,True
2021-0418,2021-0418,case_order,docket_match,high,True
2021-0151,2021-0151,opinion,docket_match,high,True
2021-0197,2021-0197,opinion,docket_match,high,True
2021-0392,2021-0392,case_order,docket_match,high,True
2021-0166,2021-0166,opinion,docket_match,high,True
2021-0213,2021-0213,opinion,docket_match,high,True
2021-0214,2021-0214,opinion,docket_match,high,True
2021-0248,2021-0248,opinion,docket_match,high,True
2021-0280,2021-0280,opinion,docket_match,high,True
2021-0147,2021-0147,opinion,docket_match,high,True
2021-0148,2021-0148,case_order,docket_match,high,True
2021-0349,20210349and20210356_1,case_order,docket_match,high,True
2021-0356,20210349and20210356_1,case_order,docket_match,high,True
2016-0006,2016-0006,opinion,docket_match,high,True
2020-0404,2020-0404,opinion,docket_match,high,True
2021-0009,2021-0009,opinion,docket_match,high,True
2021-0267,2021-0267,opinion,docket_match,high,True
2021-0369,2021-0369,opinion,docket_match,high,True
2021-0093,,opinion,docket_match,review,True
2021-0325,2021-0325,opinion,docket_match,high,True
2021-0357,2021-0357,opinion,docket_match,high,True
2021-0478,2021-0478,opinion,docket_match,high,True
2021-0087,2021-0087,opinion,docket_match,high,True
2022-0184,2022-0184,opinion,docket_match,high,True
2021-0338,2021-0338,opinion,docket_match,high,True
2021-0376,2021-0376,opinion,docket_match,high,True
2021-0448,2021-0448,case_order,docket_match,high,True
2021-0473,2021-0473,case_order,docket_match,high,True
2021-0476,2021-0476,opinion,docket_match,high,True
2021-0161,2021-0161,case_order,docket_match,high,True
2021-0322,2021-0322,case_order,docket_match,high,True
2021-0361,2021-0361,opinion,docket_match,high,True
2021-0268,2021-0268,case_order,docket_match,high,True
2021-0294,2021-0294,case_order,docket_match,high,True
2021-0543,2021-0543,case_order,docket_match,high,True
2021-0563,2021-0563,opinion,docket_match,high,True
2021-0570,2021-0570,opinion,docket_match,high,True
2021-0574,2021-0574,case_order,docket_match,high,True
2021-0394,2021-0394,opinion,docket_match,high,True
2021-0576,2021-0576,case_order,docket_match,high,True
2022-0154,2022-0154,opinion,docket_match,high,True
2020-0333,2020-0333,case_order,docket_match,high,True
2021-0511,2021-0511,opinion,docket_match,high,True
2019-0314,2023050chandler,opinion,docket_match,high,True
2021-0360,2021-0360,opinion,docket_match,high,True
2021-0605,2021-0605,opinion,docket_match,high,True
2021-0429,2021-0429,opinion,docket_match,high,True
2021-0441,2021-0441,case_order,docket_match,high,True
2022-0155,2022-0155,opinion,docket_match,high,True
2021-0385,2021-0385,opinion,docket_match,high,True
2022-0098,2022-0098,opinion,docket_match,high,True
2022-0132,2022-0132,opinion,docket_match,high,True
2022-0224,2022-0224,case_order,docket_match,high,True
2021-0270,2021-0270,opinion,docket_match,high,True
2022-0014,2022-0014,case_order,docket_match,high,True
2022-0101,2022-0101,opinion,docket_match,high,True
2021-0113,2021-0113,case_order,docket_match,high,True
2021-0153,2021-0153,opinion,docket_match,high,True
2022-0058,2022-0058,opinion,docket_match,high,True
2022-0196,2022-0196,opinion,docket_match,high,True
2021-0547,2021-0547,case_order,docket_match,high,True
2022-0084,2022-0084,case_order,docket_match,high,True
2021-0464,2021-0464,opinion,docket_match,high,True
2021-0497,20210497and20210523,case_order,docket_match,high,True
2021-0569,2021-0569,case_order,docket_match,high,True
2021-0601,2021-0601,opinion,docket_match,high,True
2021-0602,2021-0602,case_order,docket_match,high,True
2022-0038,2022-0038,case_order,docket_match,high,True
2022-0122,2022-0122,opinion,docket_match,high,True
2022-0142,2022-0142,opinion,docket_match,high,True
2022-0208,2022-0208,case_order,docket_match,high,True
2022-0294,2022-0294,case_order,docket_match,high,True
2022-0414,2022-0414,case_order,docket_match,high,True
2021-0350,2021-0350,opinion,docket_match,high,True
2022-0042,2022-0042,case_order,docket_match,high,True
2022-0081,2022-0081,opinion,docket_match,high,True
2022-0146,2022-0146,opinion,docket_match,high,True
2022-0268,2022-0268,opinion,docket_match,high,True
2021-0447,2021-0447,case_order,docket_match,high,True
2022-0198,2022-0198,opinion,docket_match,high,True
2022-0321,2022-0321,opinion,docket_match,high,True
2022-0348,2022-0348,opinion,docket_match,high,True
2021-0344,2021-0344,case_order,docket_match,high,True
2021-0410,2021-0410,opinion,docket_match,high,True
2022-0087,2022-0087,opinion,docket_match,high,True
2022-0309,2022-0309,opinion,docket_match,high,True
2021-0585,2021-0585,case_order,docket_match,high,True
2022-0182,2023049beal,opinion,docket_match,high,True
2022-0197,2022-0197,opinion,docket_match,high,True
2022-0237,2022-0237,opinion,docket_match,high,True
2022-0238,2022-0238,case_order,docket_match,high,True
2021-0554,2021-0554,case_order,docket_match,high,True
2022-0219,2022-0219,case_order,docket_match,high,True
2022-0222,2022-0222,case_order,docket_match,high,True
2022-0236,2022-0236,opinion,docket_match,high,True
2022-0304,2022-0304,opinion,docket_match,high,True
2022-0538,2022-0538,case_order,docket_match,high,True
2022-0145,2022-0145,opinion,docket_match,high,True
2022-0202,2022-0202,case_order,docket_match,high,True
2022-0301,2022-0301,case_order,docket_match,high,True
2022-0129,2022-0129,case_order,docket_match,high,True
2022-0251,2022-0251,case_order,docket_match,high,True
2022-0259,2022-0259,opinion,docket_match,high,True
2022-0276,2022-0276,case_order,docket_match,high,True
2022-0373,,case_order,docket_match,review,True
2022-0457,2022-0457,case_order,docket_match,high,True
2022-0201,2022-0201,case_order,docket_match,high,True
2022-0439,2022-0439,case_order,docket_match,high,True
2022-0525,2022-0525,case_order,docket_match,high,True
2022-0070,2022-0070,case_order,docket_match,high,True
2022-0537,2022-0537,opinion,docket_match,high,True
2022-0544,2022-0544,case_order,docket_match,high,True
2019-0490,20190490,case_order,docket_match,high,True
2022-0067,2022-0067,case_order,docket_match,high,True
2022-0372,2022-0372,case_order,docket_match,high,True
2022-0652,2022-0652,case_order,docket_match,high,True
2022-0212,2022-0212,case_order,docket_match,high,True
2022-0234,2022-0234,opinion,docket_match,high,True
2022-0253,2023051hellinger,opinion,docket_match,high,True
2022-0629,2022-0629,opinion,docket_match,high,True
2021-0362,,case_order,docket_match,review,True
2022-0082,2022-0082,case_order,docket_match,high,True
2022-0320,2022-0320,case_order,docket_match,high,True
2022-0223,2022-0223,case_order,docket_match,high,True
2022-0483,2022-0483,case_order,docket_match,high,True
2022-0553,2022-0553,case_order,docket_match,high,True
2022-0578,2022-0578,opinion,docket_match,high,True
2023-0023,2023-0023,opinion,docket_match,high,True
2022-0311,2022-0311,case_order,docket_match,high,True
2022-0410,2022-0410,case_order,docket_match,high,True
2022-0467,2022-0467,case_order,docket_match,high,True
2022-0498,2022-0498,case_order,docket_match,high,True
2022-0500,2022-0500,opinion,docket_match,high,True
2022-0648,2022-0648,opinion,docket_match,high,True
2022-0020,2022-0020,case_order,docket_match,high,True
2022-0432,2022-0432,opinion,docket_match,high,True
2022-0545,2022-0545,case_order,docket_match,high,True
2022-0583,2022-0583,case_order,docket_match,high,True
2023-0022,2023-0022,opinion,docket_match,high,True
2023-0205,2023-0205,case_order,docket_match,high,True
2021-0310,2021-0310,opinion,docket_match,high,True
2021-0419,2021-0419,opinion,docket_match,high,True
2022-0106,2022-0106,opinion,docket_match,high,True
2022-0436,2022-0436,case_order,docket_match,high,True
2022-0536,2022-0536,case_order,docket_match,high,True
2022-0651,2022-0651,opinion,docket_match,high,True
2022-0693,2022-0693,opinion,docket_match,high,True
2022-0707,2022-0707,case_order,docket_match,high,True
2022-0488,2022-0488,case_order,docket_match,high,True
2022-0557,2022-0557,opinion,docket_match,high,True
2022-0696,2022-0696,opinion,docket_match,high,True
2023-0014,2023-0014,opinion,docket_match,high,True
2022-0503,2022-0503,case_order,docket_match,high,True
2022-0587,2022-0587,case_order,docket_match,high,True
2022-0592,2022-0592,opinion,docket_match,high,True
2022-0690,2022-0690,opinion,docket_match,high,True
2022-0714,2022-0714,opinion,docket_match,high,True
2022-0613,2022-0613,opinion,docket_match,high,True
2023-0210,2023-0210,opinion,docket_match,high,True
2021-0460,2021-0460,opinion,docket_match,high,True
2021-0531,2021-0531,case_order,docket_match,high,True
2022-0643,2022-0643,opinion,docket_match,high,True
2023-0011,2023-0011,case_order,docket_match,high,True
2023-0018,2023-0018,opinion,docket_match,high,True
2023-0211,2023-0211,case_order,docket_match,high,True
2022-0431,2022-0431,case_order,docket_match,high,True
2022-0588,2022-0588,case_order,docket_match,high,True
2023-0076,2023-0076,case_order,docket_match,high,True
2023-0109,2023-0109,case_order,docket_match,high,True
2019-0413,2024036chalpin,opinion,docket_match,high,True
2022-0306,2022-0306,opinion,docket_match,high,True
2023-0083,2023-0083,opinion,docket_match,high,True
2023-0265,2023-0265,opinion,docket_match,high,True
2022-0563,2022-0563,opinion,docket_match,high,True
2022-0616,2022-0616,opinion,docket_match,high,True
2023-0012,2023-0012,case_order,docket_match,high,True
2023-0097,2023-0097,opinion,docket_match,high,True
2023-0189,2023-0189,opinion,docket_match,high,True
2022-0244,2022-0244,opinion,docket_match,high,True
2022-0728,2022-0728,opinion,docket_match,high,True
2023-0128,2023-0128,case_order,docket_match,high,True
2023-0278,2023-0278,opinion,docket_match,high,True
2022-0425,2022-0425,opinion,docket_match,high,True
2022-0568,2022-0568,case_order,docket_match,high,True
2023-0030,2023-0030,case_order,docket_match,high,True
2023-0170,2023-0170,opinion,docket_match,high,True
2023-0208,2023-0208,opinion,docket_match,high,True
2023-0258,2023-0258,opinion,docket_match,high,True
2023-0451,2023-0451,opinion,docket_match,high,True
2022-0718,2022-0718,case_order,docket_match,high,True
2023-0436,2023-0436,opinion,docket_match,high,True
2016-0007,2016-0007,case_order,docket_match,high,True
2022-0638,2022-0638,opinion,docket_match,high,True
2022-0736,2022-0736,opinion,docket_match,high,True
2023-0204,2023-0204,case_order,docket_match,high,True
2023-0247,2023-0247,case_order,docket_match,high,True
2022-0342,2022-0342,case_order,docket_match,high,True
2023-0175,2023-0175,case_order,docket_match,high,True
2023-0323,2023-0323,opinion,docket_match,high,True
2023-0121,2023-0121,opinion,docket_match,high,True
2023-0142,2023-0142,opinion,docket_match,high,True
2023-0281,2023-0281,case_order,docket_match,high,True
2023-0294,2023-0294,opinion,docket_match,high,True
2023-0346,2023-0346,opinion,docket_match,high,True
2023-0389,2023-0389,opinion,docket_match,high,True
2023-0615,2023-0615,opinion,docket_match,high,True
2021-0592,2021-0592,case_order,docket_match,high,True
2022-0025,2022-0025,opinion,docket_match,high,True
2022-0448,2022-0448,case_order,docket_match,high,True
2022-0452,2022-0452,case_order,docket_match,high,True
2023-0301,2023-0301,case_order,docket_match,high,True
2023-0449,2023-0449,case_order,docket_match,high,True
2022-0008,2022-0008,case_order,docket_match,high,True
2022-0407,2022-0407,opinion,docket_match,high,True
2023-0062,2023-0062,case_order,docket_match,high,True
2023-0088,2023-0088,case_order,docket_match,high,True
2023-0456,2023-0456,case_order,docket_match,high,True
2022-0397,2022-0397,opinion,docket_match,high,True
2023-0198,2023-0198,case_order,docket_match,high,True
2023-0471,2023-0471,opinion,docket_match,high,True
2023-0538,2023-0538,opinion,docket_match,high,True
2023-0702,2023-0702,case_order,docket_match,high,True
2023-0357,2023-0357,opinion,docket_match,high,True
2023-0521,2023-0521,case_order,docket_match,high,True
2023-0545,2023-0545,case_order,docket_match,high,True
2022-0628,2022-0628,case_order,docket_match,high,True
2023-0138,2023-0138,opinion,docket_match,high,True
2023-0156,2023-0156,case_order,docket_match,high,True
2023-0263,2023-0263,case_order,docket_match,high,True
2023-0488,2023-0488,opinion,docket_match,high,True
2023-0637,2023-0637,opinion,docket_match,high,True
2023-0640,2023-0640,case_order,docket_match,high,True
2023-0663,2023-0663,opinion,docket_match,high,True
2023-0352,2023-0352,case_order,docket_match,high,True
2023-0398,2023-0398,opinion,docket_match,high,True
2023-0559,2023-0559,case_order,docket_match,high,True
2023-0678,2023-0678,opinion,docket_match,high,True
2023-0755,2023-0755,case_order,docket_match,high,True
2022-0647,2022-0647,opinion,docket_match,high,True
2023-0092,2023-0092,case_order,docket_match,high,True
2023-0108,2023-0108,case_order,docket_match,high,True
2024-0027,2024-0027,opinion,docket_match,high,True
2022-0634,2022-0634,opinion,docket_match,high,True
2023-0098,2025011miller,opinion,docket_match,high,True
2023-0118,2023-0118,opinion,docket_match,high,True
2023-0085,2023-0085,opinion,docket_match,high,True
2023-0213,2023-0213,case_order,docket_match,high,True
2023-0453,2023-0453,opinion,docket_match,high,True
2023-0540,2023-0540,case_order,docket_match,high,True
2024-0005,,opinion,docket_match,review,True
2024-0023,2024-0023,case_order,docket_match,high,True
2023-0329,2023-0329,opinion,docket_match,high,True
2023-0617,2023-0617,case_order,docket_match,high,True
2024-0066,2024-0066,opinion,docket_match,high,True
2024-0097,2024-0097,opinion,docket_match,high,True
2024-0138,2024-0138,opinion,docket_match,high,True
2024-0189,2024-0189,case_order,docket_match,high,True
2023-0576,2023-0576,case_order,docket_match,high,True
2023-0614,2023-0614,case_order,docket_match,high,True
2023-0628,2023-0628,case_order,docket_match,high,True
2023-0687,2023-0687,case_order,docket_match,high,True
2024-0121,2024-0121,opinion,docket_match,high,True
2023-0487,2023-0487,case_order,docket_match,high,True
2023-0585,2023-0585,opinion,docket_match,high,True
2023-0706,2023-0706,case_order,docket_match,high,True
2024-0111,2024-0111,opinion,docket_match,high,True
2024-0259,2024-0259,case_order,docket_match,high,True
2024-0269,2024-0269,case_order,docket_match,high,True
2022-0353,20220353and20220415,case_order,docket_match,high,True
2022-0353-2022-0415,20220353and20220415,case_order,docket_match,high,True
2023-0166,2023-0166,opinion,docket_match,high,True
2023-0257,2023-0257,case_order,docket_match,high,True
2022-0730,20220730and20240169,case_order,docket_match,high,True
2022-0730-2024-0169,20220730and20240169,case_order,docket_match,high,True
2023-0526,2023-0526,opinion,docket_match,high,True
2023-0754,2023-0754,case_order,docket_match,high,True
2024-0054,2024-0054,opinion,docket_match,high,True
2024-0082,2024-0082,opinion,docket_match,high,True
2024-0186,2024-0186,case_order,docket_match,high,True
2024-0346,2024-0346,case_order,docket_match,high,True
2023-0532,2023-0532,opinion,docket_match,high,True
2023-0661,2023-0661,case_order,docket_match,high,True
2024-0068,2024-0068,case_order,docket_match,high,True
2023-0400,2023-0400,case_order,docket_match,high,True
2023-0408,2023-0408,opinion,docket_match,high,True
2024-0051,2024-0051,opinion,docket_match,high,True
2024-0224,2024-0224,case_order,docket_match,high,True
2024-0250,2024-0250,opinion,docket_match,high,True
2023-0740,2023-0740,opinion,docket_match,high,True
2024-0396,2024-0396,opinion,docket_match,high,True
2023-0356,2023-0356,case_order,docket_match,high,True
2024-0428,2024-0428,case_order,docket_match,high,True
2024-0046,2024-0046,case_order,docket_match,high,True
2023-0550,2023-0550,opinion,docket_match,high,True
2023-0647,2023-0647,case_order,docket_match,high,True
2024-0254,2024-0254,case_order,docket_match,high,True
2024-0471,2024-0471,opinion,docket_match,high,True
2024-0531,2024-0531,opinion,docket_match,high,True
2024-0320,2024-0320,case_order,docket_match,high,True
2024-0344,2024-0344,opinion,docket_match,high,True
2024-0393,2024-0393,opinion,docket_match,high,True
2022-0433,2022-0433,case_order,docket_match,high,True
2024-0412,2024-0412,case_order,docket_match,high,True
2024-0606,2024-0606,opinion,docket_match,high,True
2025-0017,2025-0017,case_order,docket_match,high,True
2023-0562,2023-0562,opinion,docket_match,high,True
2024-0035,2024-0035,opinion,docket_match,high,True
2024-0496,2024-0496,opinion,docket_match,high,True
2024-0511,2024-0511,opinion,docket_match,high,True
2023-0664,2023-0664,opinion,docket_match,high,True
2024-0032,2024-0032,case_order,docket_match,high,True
2024-0155,2024-0155,opinion,docket_match,high,True
2025-0015,2025-0015,case_order,docket_match,high,True
2023-0690,2026007levier,opinion,docket_match,high,True
2023-0690-2024-0183,2026007levier,opinion,docket_match,high,True
2024-0294,2024-0294,opinion,docket_match,high,True
2024-0429,2024-0429,opinion,docket_match,high,True
2024-0506,2024-0506,opinion,docket_match,high,True
2024-0061,2024-0061,case_order,docket_match,high,True
2024-0304,2024-0304,opinion,docket_match,high,True
2025-0029,2025-0029,case_order,docket_match,high,True
2023-0498,2023-0498,opinion,docket_match,high,True
2024-0245,2024-0245,opinion,docket_match,high,True
2025-0140,2025-0140,opinion,docket_match,high,True
2024-0034,2024-0034,opinion,docket_match,high,True
2024-0321,2024-0321,opinion,docket_match,high,True
2024-0368,2024-0368,case_order,docket_match,high,True
2024-0560,2024-0560,opinion,docket_match,high,True
2024-0636,2024-0636,opinion,docket_match,high,True
2025-0056,2025-0056,opinion,docket_match,high,True
2024-0648,2024-0648,opinion,docket_match,high,True
2024-0509,2024-0509,opinion,docket_match,high,True
2024-0717,2024-0717,case_order,docket_match,high,True
2024-0407,2024-0407,case_order,docket_match,high,True
2024-0465,2024-0465,case_order,docket_match,high,True
2024-0530,2024-0530,case_order,docket_match,high,True
2025-0019,2025-0019,opinion,docket_match,high,True
2024-0073,2024-0073,case_order,docket_match,high,True
2024-0518,2024-0518,case_order,docket_match,high,True
2025-0178,2025-0178,opinion,docket_match,high,True
2025-0034,2025-0034,case_order,docket_match,high,True
2025-0048,2025-0048,opinion,docket_match,high,True
2025-0064,2025-0064,opinion,docket_match,high,True
2024-0625,2024-0625,opinion,docket_match,high,True
2025-0239,2025-0239,case_order,docket_match,high,True
2025-0028,2025-0028,opinion,docket_match,high,True
2025-0155,2025-0155,case_order,docket_match,high,True
2025-0344,2025-0344,opinion,docket_match,high,True
2025-0319,2025-0319,case_order,docket_match,high,True
