argument_id,topic
2013-0543,insurance
2013-0543,civil_procedure
2013-0543,constitutional
2013-0543,property
2013-0543,contract
2013-0543,tort
2013-0828,criminal
2013-0828,administrative_law
2013-0828,family_law
2013-0828,evidence
2013-0828,DWI
2013-0833,criminal
2013-0833,constitutional
2013-0833,tort
2013-0833,evidence
2008-0945,criminal
2008-0945,family_law
2008-0945,statutory_interpretation
2008-0945,constitutional
2008-0945,property
2014-0078,criminal
2014-0078,civil_procedure
2014-0078,constitutional
2014-0078,evidence
2014-0141,statutory_interpretation
2014-0141,property
2014-0141,contract
2014-0141,tort
2014-0158,statutory_interpretation
2014-0158,contract
2014-0158,tort
2014-0306,civil_procedure
2014-0343,criminal
2014-0343,administrative_law
2014-0343,civil_procedure
2014-0343,statutory_interpretation
2014-0343,constitutional
2014-0343,property
2014-0343,employment
2014-0343,contract
2014-0283,criminal
2014-0283,domestic_violence
2013-0893,statutory_interpretation
2013-0893,property
2014-0025,criminal
2014-0025,administrative_law
2014-0025,family_law
2014-0025,evidence
2014-0025,DWI
2014-0200,criminal
2014-0200,civil_procedure
2014-0200,statutory_interpretation
2014-0200,constitutional
2014-0200,property
2014-0200,tax
2014-0203,civil_procedure
2014-0203,statutory_interpretation
2014-0203,property
2014-0203,contract
2014-0203,tax
2014-0285,insurance
2014-0285,civil_procedure
2014-0285,statutory_interpretation
2014-0285,property
2014-0285,contract
2014-0285,tort
2014-0342,property
2014-0342,contract
2014-0402,criminal
2014-0402,insurance
2014-0402,family_law
2014-0402,civil_procedure
2014-0402,statutory_interpretation
2014-0402,property
2014-0402,tort
2014-0402,evidence
2014-0402,tax
2013-0653,criminal
2013-0653,competency
2013-0653,constitutional
2014-0028,criminal
2014-0028,competency
2014-0028,constitutional
2014-0028,property
2014-0028,employment
2014-0028,evidence
2014-0071,criminal
2014-0071,statutory_interpretation
2014-0071,evidence
2014-0081,civil_procedure
2014-0081,property
2014-0081,contract
2014-0081,tort
2014-0081,tax
2014-0224,family_law
2014-0224,civil_procedure
2014-0224,statutory_interpretation
2014-0224,constitutional
2014-0224,evidence
2014-0312,administrative_law
2014-0327,criminal
2014-0358,insurance
2014-0358,family_law
2014-0358,statutory_interpretation
2014-0358,employment
2014-0358,contract
2014-0407,criminal
2014-0407,civil_procedure
2014-0407,constitutional
2014-0428,administrative_law
2014-0428,statutory_interpretation
2014-0428,property
2014-0428,tax
2014-0595,criminal
2014-0595,competency
2014-0595,constitutional
2014-0595,evidence
2014-0595,tax
2014-0596,administrative_law
2014-0596,civil_procedure
2014-0596,constitutional
2014-0596,employment
2014-0596,contract
2014-0596,tort
2013-0411,insurance
2013-0411,family_law
2013-0411,civil_procedure
2013-0411,property
2013-0411,tort
2013-0411,tax
2014-0116,criminal
2014-0116,family_law
2014-0116,constitutional
2014-0254,DWI
2014-0257,property
2014-0257,contract
2014-0257,tax
2014-0420,civil_procedure
2014-0420,contract
2014-0420,tort
2014-0424,criminal
2014-0424,administrative_law
2014-0465,property
2014-0465,contract
2014-0465,tort
2014-0703,civil_procedure
2014-0703,statutory_interpretation
2014-0703,property
2014-0703,tort
2014-0458,insurance
2014-0458,civil_procedure
2014-0458,statutory_interpretation
2014-0458,property
2014-0458,contract
2014-0496,criminal
2014-0496,administrative_law
2014-0496,civil_procedure
2014-0496,constitutional
2014-0496,contract
2014-0496,tort
2014-0509,insurance
2014-0509,administrative_law
2014-0509,statutory_interpretation
2014-0509,property
2014-0509,tort
2014-0512,administrative_law
2014-0512,civil_procedure
2014-0512,statutory_interpretation
2014-0512,constitutional
2014-0512,property
2014-0512,contract
2014-0540,administrative_law
2014-0540,civil_procedure
2014-0540,statutory_interpretation
2014-0540,property
2014-0540,employment
2014-0540,contract
2014-0558,administrative_law
2014-0558,civil_procedure
2014-0558,constitutional
2014-0635,insurance
2014-0635,family_law
2014-0635,civil_procedure
2014-0635,statutory_interpretation
2014-0635,property
2014-0635,contract
2014-0635,tort
2014-0686,criminal
2014-0686,administrative_law
2014-0686,statutory_interpretation
2014-0686,contract
2014-0686,tort
2014-0686,DWI
2013-0623,criminal
2013-0623,constitutional
2013-0623,evidence
2014-0133,criminal
2014-0133,family_law
2014-0133,constitutional
2014-0133,property
2014-0133,employment
2014-0133,tort
2014-0133,evidence
2014-0133,DWI
2014-0133,tax
2014-0291,civil_procedure
2014-0291,statutory_interpretation
2014-0291,constitutional
2014-0291,property
2014-0291,contract
2014-0291,tort
2014-0291,tax
2014-0378,criminal
2014-0378,civil_procedure
2014-0378,statutory_interpretation
2014-0378,property
2015-0203,criminal
2015-0203,administrative_law
2015-0203,statutory_interpretation
2015-0203,constitutional
2015-0203,evidence
2014-0264,criminal
2014-0264,medicaid
2014-0264,civil_procedure
2014-0264,statutory_interpretation
2014-0264,property
2014-0264,tort
2014-0264,tax
2014-0336,civil_procedure
2014-0336,property
2014-0336,contract
2014-0417,criminal
2014-0417,family_law
2014-0417,civil_procedure
2014-0417,statutory_interpretation
2014-0417,property
2014-0417,contract
2014-0417,tort
2014-0417,tax
2014-0457,family_law
2014-0457,civil_procedure
2014-0457,statutory_interpretation
2014-0493,family_law
2014-0493,civil_procedure
2014-0493,statutory_interpretation
2014-0594,family_law
2014-0594,civil_procedure
2014-0594,property
2014-0594,contract
2014-0614,criminal
2014-0614,civil_procedure
2014-0614,constitutional
2014-0619,civil_procedure
2014-0619,statutory_interpretation
2014-0619,contract
2014-0619,tax
2013-0591,insurance
2013-0591,administrative_law
2013-0591,civil_procedure
2013-0591,statutory_interpretation
2013-0591,constitutional
2013-0591,property
2013-0591,contract
2013-0591,tort
2013-0591,evidence
2013-0591,tax
2013-0554,criminal
2013-0554,family_law
2013-0554,constitutional
2013-0554,property
2013-0554,employment
2013-0554,domestic_violence
2014-0364,family_law
2014-0364,property
2014-0480,criminal
2014-0480,insurance
2014-0480,administrative_law
2014-0480,civil_procedure
2014-0480,statutory_interpretation
2014-0480,constitutional
2014-0480,property
2014-0480,employment
2014-0480,contract
2014-0480,tort
2014-0480,evidence
2014-0480,domestic_violence
2014-0516,property
2014-0566,criminal
2014-0566,statutory_interpretation
2014-0566,constitutional
2014-0566,property
2013-0882,criminal
2013-0882,insurance
2013-0882,civil_procedure
2013-0882,statutory_interpretation
2013-0882,constitutional
2013-0882,contract
2013-0882,tort
2013-0882,evidence
2014-0459,civil_procedure
2014-0459,property
2014-0553,insurance
2014-0553,administrative_law
2014-0553,statutory_interpretation
2014-0553,constitutional
2014-0553,property
2014-0553,contract
2014-0553,tax
2014-0615,insurance
2014-0615,family_law
2014-0615,property
2014-0615,employment
2014-0615,tax
2014-0617,family_law
2014-0617,property
2014-0617,domestic_violence
2014-0617,tax
2014-0656,administrative_law
2014-0656,civil_procedure
2014-0656,tax
2014-0773,criminal
2014-0773,administrative_law
2014-0773,civil_procedure
2014-0773,statutory_interpretation
2014-0773,constitutional
2014-0773,property
2014-0773,contract
2014-0773,tort
2015-0037,criminal
2015-0037,competency
2015-0037,administrative_law
2015-0037,constitutional
2015-0037,employment
2015-0037,contract
2015-0037,tort
2015-0037,evidence
2015-0037,tax
2014-0362,criminal
2014-0373,administrative_law
2014-0373,family_law
2014-0373,statutory_interpretation
2014-0373,property
2014-0580,criminal
2014-0580,competency
2014-0580,administrative_law
2014-0580,civil_procedure
2014-0580,statutory_interpretation
2014-0580,constitutional
2014-0580,employment
2014-0580,contract
2014-0580,tort
2014-0702,administrative_law
2014-0702,civil_procedure
2014-0702,constitutional
2014-0702,property
2014-0725,criminal
2014-0725,constitutional
2014-0725,property
2014-0725,domestic_violence
2014-0815,evidence
2013-0076,criminal
2013-0076,statutory_interpretation
2013-0076,evidence
2013-0489,criminal
2013-0489,family_law
2013-0489,evidence
2013-0489,DWI
2014-0315,criminal
2014-0315,administrative_law
2014-0315,civil_procedure
2014-0315,statutory_interpretation
2014-0315,constitutional
2014-0315,contract
2014-0607,criminal
2014-0607,statutory_interpretation
2014-0607,tax
2014-0650,criminal
2014-0650,insurance
2014-0650,administrative_law
2014-0650,civil_procedure
2014-0650,statutory_interpretation
2014-0650,property
2014-0650,contract
2014-0650,tort
2014-0734,civil_procedure
2014-0734,property
2014-0734,contract
2014-0734,tort
2014-0537,criminal
2014-0562,criminal
2014-0562,statutory_interpretation
2014-0562,contract
2014-0591,criminal
2014-0591,property
2014-0591,evidence
2014-0591,domestic_violence
2014-0674,medicaid
2014-0674,administrative_law
2014-0674,statutory_interpretation
2014-0674,property
2014-0674,contract
2014-0775,administrative_law
2014-0775,statutory_interpretation
2014-0775,property
2014-0793,property
2014-0801,insurance
2014-0801,administrative_law
2014-0801,statutory_interpretation
2014-0801,contract
2014-0698,criminal
2014-0698,property
2014-0729,administrative_law
2014-0729,civil_procedure
2014-0729,contract
2014-0729,tort
2015-0028,family_law
2015-0028,contract
2015-0030,administrative_law
2015-0030,statutory_interpretation
2015-0030,contract
2015-0030,tort
2015-0258,administrative_law
2015-0258,statutory_interpretation
2015-0258,employment
2015-0258,contract
2015-0258,tort
2015-0258,evidence
2015-0258,DWI
2014-0776,insurance
2014-0776,administrative_law
2014-0776,statutory_interpretation
2014-0776,employment
2014-0776,DWI
2014-0794,insurance
2014-0794,administrative_law
2014-0794,family_law
2014-0794,property
2014-0794,contract
2014-0816,family_law
2014-0816,contract
2015-0062,criminal
2015-0062,administrative_law
2015-0062,civil_procedure
2015-0062,statutory_interpretation
2015-0062,constitutional
2015-0062,property
2015-0062,employment
2015-0062,contract
2015-0062,evidence
2015-0062,domestic_violence
2015-0062,tax
2015-0067,civil_procedure
2015-0067,constitutional
2015-0067,property
2015-0067,tort
2015-0067,tax
2015-0068,administrative_law
2015-0068,civil_procedure
2015-0068,employment
2013-0762,evidence
2014-0513,criminal
2014-0513,evidence
2015-0115,administrative_law
2015-0115,family_law
2015-0115,property
2015-0115,contract
2015-0115,tax
2015-0250,civil_procedure
2015-0250,constitutional
2015-0250,property
2015-0250,tax
2014-0812,family_law
2014-0812,statutory_interpretation
2014-0812,property
2014-0812,employment
2014-0812,tort
2014-0812,tax
2014-0583,insurance
2014-0583,administrative_law
2014-0583,statutory_interpretation
2014-0583,employment
2014-0583,contract
2014-0583,evidence
2014-0583,tax
2014-0659,criminal
2014-0659,civil_procedure
2014-0659,statutory_interpretation
2014-0659,property
2015-0019,contract
2015-0032,criminal
2015-0032,medicaid
2015-0032,administrative_law
2015-0032,statutory_interpretation
2015-0032,constitutional
2015-0032,employment
2015-0032,contract
2015-0032,tort
2015-0032,evidence
2015-0032,tax
2015-0103,family_law
2015-0103,civil_procedure
2015-0103,statutory_interpretation
2015-0143,statutory_interpretation
2015-0143,property
2015-0143,contract
2015-0256,criminal
2015-0256,insurance
2015-0256,statutory_interpretation
2015-0256,constitutional
2015-0256,evidence
2014-0631,criminal
2014-0631,constitutional
2014-0631,tort
2014-0631,evidence
2014-0744,criminal
2014-0744,evidence
2014-0744,domestic_violence
2015-0187,administrative_law
2015-0187,statutory_interpretation
2015-0187,employment
2015-0187,contract
2015-0187,tort
2015-0233,criminal
2015-0233,insurance
2015-0233,civil_procedure
2015-0233,statutory_interpretation
2015-0233,constitutional
2015-0233,property
2015-0233,employment
2015-0233,contract
2015-0233,tort
2015-0233,evidence
2015-0233,domestic_violence
2014-0745,criminal
2014-0745,DWI
2014-0739,administrative_law
2014-0739,civil_procedure
2014-0739,statutory_interpretation
2014-0739,property
2014-0739,contract
2014-0739,tort
2014-0739,evidence
2014-0739,tax
2015-0264,administrative_law
2015-0264,statutory_interpretation
2015-0264,constitutional
2015-0270,administrative_law
2015-0270,property
2015-0274,administrative_law
2015-0274,civil_procedure
2015-0274,statutory_interpretation
2015-0274,constitutional
2015-0333,civil_procedure
2015-0333,property
2015-0333,contract
2015-0333,evidence
2015-0361,civil_procedure
2015-0361,statutory_interpretation
2015-0361,contract
2015-0361,tort
2014-0662,criminal
2014-0662,constitutional
2015-0255,insurance
2015-0255,family_law
2015-0255,statutory_interpretation
2015-0255,property
2015-0255,employment
2015-0255,contract
2015-0255,tort
2015-0255,tax
2015-0366,criminal
2015-0366,medicaid
2015-0366,administrative_law
2015-0366,statutory_interpretation
2015-0366,constitutional
2015-0366,contract
2015-0366,evidence
2015-0366,tax
2015-0442,criminal
2015-0442,medicaid
2015-0442,administrative_law
2015-0442,civil_procedure
2015-0442,statutory_interpretation
2015-0442,constitutional
2015-0442,employment
2015-0477,insurance
2015-0477,civil_procedure
2015-0477,statutory_interpretation
2015-0477,property
2015-0477,employment
2015-0477,contract
2015-0477,tort
2015-0332,insurance
2015-0332,administrative_law
2015-0332,civil_procedure
2015-0332,statutory_interpretation
2015-0332,property
2015-0332,employment
2015-0332,contract
2014-0163,criminal
2014-0163,constitutional
2014-0163,DWI
2014-0163,tax
2014-0721,administrative_law
2014-0721,civil_procedure
2014-0721,constitutional
2014-0721,property
2015-0064,tort
2015-0155,criminal
2015-0155,constitutional
2015-0155,evidence
2015-0205,statutory_interpretation
2015-0205,constitutional
2015-0205,property
2015-0342,insurance
2015-0342,administrative_law
2015-0342,civil_procedure
2015-0342,statutory_interpretation
2015-0342,employment
2015-0342,contract
2015-0400,statutory_interpretation
2015-0400,constitutional
2015-0400,property
2015-0400,contract
2015-0400,tax
2015-0174,criminal
2015-0174,family_law
2015-0174,constitutional
2015-0174,property
2015-0174,evidence
2015-0382,insurance
2015-0382,property
2015-0538,insurance
2015-0538,civil_procedure
2015-0538,statutory_interpretation
2015-0538,contract
2015-0538,tort
2015-0218,insurance
2015-0218,administrative_law
2015-0218,statutory_interpretation
2015-0218,constitutional
2015-0218,property
2015-0218,employment
2015-0443,civil_procedure
2015-0443,statutory_interpretation
2015-0443,constitutional
2015-0443,contract
2015-0443,tort
2015-0443,evidence
2015-0536,criminal
2015-0536,administrative_law
2015-0536,family_law
2015-0536,civil_procedure
2015-0536,statutory_interpretation
2015-0536,constitutional
2015-0536,evidence
2015-0485,civil_procedure
2015-0485,statutory_interpretation
2015-0485,property
2015-0537,insurance
2015-0537,civil_procedure
2015-0537,statutory_interpretation
2015-0537,contract
2015-0537,tort
2015-0542,insurance
2015-0542,civil_procedure
2015-0542,statutory_interpretation
2015-0542,contract
2015-0542,tort
2015-0573,civil_procedure
2015-0573,statutory_interpretation
2015-0573,constitutional
2015-0573,property
2015-0573,contract
2015-0573,tax
2014-0765,criminal
2014-0765,administrative_law
2014-0765,family_law
2014-0765,constitutional
2014-0765,contract
2014-0765,tort
2014-0765,domestic_violence
2015-0383,criminal
2015-0383,insurance
2015-0383,statutory_interpretation
2015-0383,contract
2015-0383,tort
2015-0383,evidence
2015-0383,tax
2015-0412,criminal
2015-0412,family_law
2015-0412,civil_procedure
2015-0412,statutory_interpretation
2015-0412,contract
2015-0412,tort
2015-0412,evidence
2015-0247,criminal
2015-0247,statutory_interpretation
2015-0335,criminal
2015-0335,competency
2015-0335,administrative_law
2015-0335,family_law
2015-0335,civil_procedure
2015-0335,statutory_interpretation
2015-0335,contract
2015-0335,tort
2015-0335,DWI
2015-0345,family_law
2015-0345,civil_procedure
2015-0345,statutory_interpretation
2015-0345,property
2015-0430,criminal
2015-0430,insurance
2015-0430,family_law
2015-0430,property
2015-0430,contract
2015-0430,domestic_violence
2015-0430,tax
2015-0253,insurance
2015-0253,family_law
2015-0253,property
2015-0338,criminal
2015-0338,constitutional
2015-0338,evidence
2015-0650,criminal
2015-0650,civil_procedure
2015-0650,statutory_interpretation
2015-0650,property
2014-0774,criminal
2014-0774,insurance
2014-0774,family_law
2014-0774,constitutional
2014-0774,tort
2014-0774,evidence
2015-0395,insurance
2015-0395,medicaid
2015-0395,administrative_law
2015-0395,statutory_interpretation
2015-0395,property
2015-0434,administrative_law
2015-0434,constitutional
2014-0536,civil_procedure
2014-0536,property
2014-0536,contract
2015-0349,criminal
2015-0349,family_law
2015-0349,statutory_interpretation
2015-0349,constitutional
2015-0349,evidence
2015-0349,domestic_violence
2015-0499,criminal
2015-0499,administrative_law
2015-0499,statutory_interpretation
2015-0499,constitutional
2015-0499,employment
2015-0499,contract
2015-0499,tax
2015-0605,insurance
2015-0605,administrative_law
2015-0605,statutory_interpretation
2015-0605,constitutional
2015-0605,property
2015-0605,employment
2015-0605,evidence
2015-0185,criminal
2015-0404,criminal
2015-0404,civil_procedure
2015-0404,statutory_interpretation
2015-0404,constitutional
2015-0404,property
2015-0404,employment
2015-0404,tort
2015-0471,administrative_law
2015-0471,statutory_interpretation
2015-0471,property
2015-0498,criminal
2015-0498,civil_procedure
2015-0498,property
2015-0498,contract
2015-0498,tort
2015-0498,evidence
2015-0498,tax
2015-0682,insurance
2015-0682,civil_procedure
2015-0682,statutory_interpretation
2015-0682,contract
2015-0682,tort
2015-0561,property
2015-0561,tort
2015-0561,evidence
2015-0561,tax
2015-0569,criminal
2015-0569,administrative_law
2015-0569,constitutional
2015-0569,property
2015-0569,tort
2015-0569,evidence
2015-0286,civil_procedure
2015-0286,property
2015-0286,contract
2015-0286,tort
2015-0329,criminal
2015-0329,competency
2015-0329,constitutional
2015-0329,evidence
2015-0671,civil_procedure
2015-0671,property
2015-0671,tax
2015-0694,civil_procedure
2015-0694,statutory_interpretation
2015-0694,contract
2015-0694,tort
2015-0748,criminal
2015-0748,competency
2015-0748,medicaid
2015-0748,administrative_law
2015-0748,statutory_interpretation
2015-0748,constitutional
2015-0748,contract
2015-0748,tax
2014-0592,constitutional
2014-0592,evidence
2015-0358,criminal
2015-0358,family_law
2015-0358,statutory_interpretation
2015-0358,constitutional
2015-0358,evidence
2015-0368,criminal
2015-0368,insurance
2015-0368,civil_procedure
2015-0368,statutory_interpretation
2015-0368,contract
2015-0368,tort
2015-0583,civil_procedure
2015-0583,property
2015-0583,contract
2015-0583,tax
2015-0480,criminal
2015-0480,constitutional
2015-0524,criminal
2015-0524,insurance
2015-0524,family_law
2015-0524,statutory_interpretation
2015-0524,tort
2015-0588,family_law
2015-0588,property
2015-0588,contract
2015-0588,tort
2016-0050,family_law
2016-0050,DWI
2016-0050,tax
2016-0212,administrative_law
2016-0212,civil_procedure
2016-0212,property
2016-0212,contract
2016-0212,tort
2015-0457,criminal
2015-0457,statutory_interpretation
2015-0457,constitutional
2015-0457,tort
2015-0457,evidence
2015-0457,DWI
2015-0457,tax
2015-0570,criminal
2015-0570,constitutional
2015-0570,evidence
2015-0570,DWI
2014-0791,criminal
2014-0791,constitutional
2014-0791,evidence
2015-0377,criminal
2015-0377,family_law
2015-0377,civil_procedure
2015-0377,constitutional
2015-0377,DWI
2015-0624,insurance
2015-0624,civil_procedure
2015-0624,statutory_interpretation
2015-0624,contract
2015-0624,tort
2013-0480,criminal
2013-0480,constitutional
2013-0480,evidence
2015-0510,civil_procedure
2015-0510,contract
2015-0510,tax
2015-0636,criminal
2015-0636,constitutional
2015-0636,property
2015-0636,tort
2015-0636,evidence
2015-0692,insurance
2015-0692,civil_procedure
2015-0692,statutory_interpretation
2015-0692,property
2015-0692,contract
2015-0692,tort
2015-0692,tax
2015-0720,criminal
2015-0720,constitutional
2015-0720,contract
2016-0115,criminal
2016-0115,civil_procedure
2016-0115,DWI
2016-0122,criminal
2016-0122,administrative_law
2016-0122,civil_procedure
2016-0122,statutory_interpretation
2016-0122,employment
2016-0122,contract
2016-0122,evidence
2016-0122,DWI
2016-0152,statutory_interpretation
2016-0152,employment
2016-0152,tax
2016-0176,criminal
2016-0176,family_law
2016-0176,statutory_interpretation
2016-0176,constitutional
2016-0176,evidence
2014-0454,property
2014-0454,contract
2015-0609,criminal
2015-0609,family_law
2015-0609,civil_procedure
2015-0609,statutory_interpretation
2015-0609,constitutional
2016-0141,insurance
2016-0141,statutory_interpretation
2016-0141,contract
2016-0141,DWI
2016-0177,insurance
2016-0177,administrative_law
2016-0177,family_law
2016-0177,property
2015-0484,criminal
2015-0484,tort
2015-0484,evidence
2015-0484,tax
2016-0187,criminal
2016-0187,administrative_law
2016-0187,statutory_interpretation
2016-0187,constitutional
2016-0187,property
2016-0064,criminal
2014-0370,criminal
2014-0370,constitutional
2014-0370,evidence
2014-0370,tax
2016-0151,constitutional
2016-0151,property
2016-0151,DWI
2016-0151,tax
2016-0304,insurance
2016-0304,statutory_interpretation
2016-0304,constitutional
2016-0304,property
2016-0304,evidence
2016-0088,criminal
2016-0305,civil_procedure
2016-0305,statutory_interpretation
2016-0305,property
2016-0305,contract
2016-0305,DWI
2016-0305,tax
2016-0350,civil_procedure
2016-0350,statutory_interpretation
2016-0350,property
2016-0350,contract
2016-0350,tax
2016-0199,criminal
2016-0199,insurance
2016-0199,administrative_law
2016-0199,statutory_interpretation
2016-0199,constitutional
2016-0199,contract
2016-0199,evidence
2016-0199,domestic_violence
2016-0243,family_law
2016-0243,statutory_interpretation
2015-0446,criminal
2015-0446,statutory_interpretation
2015-0446,constitutional
2015-0446,property
2015-0446,evidence
2015-0446,tax
2016-0219,administrative_law
2016-0219,civil_procedure
2016-0219,statutory_interpretation
2016-0224,insurance
2016-0224,administrative_law
2016-0224,statutory_interpretation
2016-0224,employment
2016-0289,family_law
2016-0289,constitutional
2016-0289,property
2016-0289,DWI
2015-0683,criminal
2015-0683,competency
2015-0683,civil_procedure
2015-0683,statutory_interpretation
2015-0683,constitutional
2015-0683,contract
2015-0683,tort
2016-0130,family_law
2016-0130,statutory_interpretation
2016-0130,constitutional
2016-0130,property
2016-0130,employment
2016-0130,contract
2016-0130,tort
2016-0130,tax
2016-0209,criminal
2016-0209,civil_procedure
2016-0209,domestic_violence
2016-0258,insurance
2016-0258,administrative_law
2016-0258,statutory_interpretation
2016-0258,employment
2016-0258,contract
2016-0258,tort
2016-0258,tax
2016-0357,civil_procedure
2016-0357,statutory_interpretation
2016-0357,property
2016-0357,contract
2016-0357,tax
2015-0271,criminal
2015-0271,family_law
2015-0271,property
2016-0268,criminal
2016-0268,civil_procedure
2016-0268,statutory_interpretation
2016-0268,constitutional
2016-0268,DWI
2016-0406,civil_procedure
2016-0406,statutory_interpretation
2016-0406,contract
2016-0406,tort
2016-0201,criminal
2016-0201,insurance
2016-0201,constitutional
2016-0201,property
2016-0201,tort
2016-0313,criminal
2016-0313,family_law
2016-0313,civil_procedure
2016-0313,tort
2016-0313,evidence
2016-0328,civil_procedure
2016-0328,property
2016-0328,contract
2016-0328,evidence
2016-0328,tax
2016-0400,family_law
2016-0400,statutory_interpretation
2016-0400,property
2016-0318,criminal
2016-0318,constitutional
2016-0318,evidence
2016-0137,criminal
2016-0137,family_law
2016-0137,civil_procedure
2016-0137,statutory_interpretation
2016-0137,constitutional
2016-0137,evidence
2016-0528,criminal
2016-0528,insurance
2016-0528,civil_procedure
2016-0528,statutory_interpretation
2016-0528,property
2016-0528,contract
2016-0528,tort
2016-0296,family_law
2016-0296,statutory_interpretation
2016-0296,constitutional
2016-0296,property
2016-0296,tax
2016-0540,insurance
2016-0540,civil_procedure
2016-0540,statutory_interpretation
2016-0540,property
2016-0540,contract
2016-0540,tort
2016-0398,criminal
2016-0398,administrative_law
2016-0398,family_law
2016-0398,employment
2016-0398,contract
2016-0398,DWI
2016-0491,civil_procedure
2016-0491,property
2016-0491,contract
2016-0507,criminal
2016-0507,constitutional
2016-0507,evidence
2016-0468,family_law
2016-0468,statutory_interpretation
2016-0468,property
2016-0468,employment
2016-0468,tax
2016-0235,criminal
2016-0235,constitutional
2016-0241,criminal
2016-0241,statutory_interpretation
2016-0241,employment
2016-0241,contract
2016-0241,tort
2016-0241,tax
2016-0370,statutory_interpretation
2016-0370,property
2016-0370,employment
2016-0370,contract
2016-0558,insurance
2016-0558,employment
2016-0558,contract
2016-0494,criminal
2016-0494,evidence
2016-0543,insurance
2016-0543,administrative_law
2016-0543,statutory_interpretation
2016-0543,employment
2016-0543,tort
2016-0657,civil_procedure
2016-0657,statutory_interpretation
2016-0657,constitutional
2016-0657,property
2016-0657,contract
2016-0657,tort
2016-0657,tax
2016-0191,criminal
2016-0191,constitutional
2016-0535,criminal
2016-0535,statutory_interpretation
2016-0535,contract
2016-0535,evidence
2016-0354,civil_procedure
2016-0354,statutory_interpretation
2016-0354,constitutional
2016-0354,property
2016-0354,tort
2016-0354,evidence
2016-0354,tax
2016-0569,insurance
2016-0569,statutory_interpretation
2016-0569,contract
2016-0569,tort
2016-0592,insurance
2016-0592,civil_procedure
2016-0592,statutory_interpretation
2016-0592,property
2016-0592,contract
2016-0592,tort
2016-0592,DWI
2016-0649,insurance
2016-0649,administrative_law
2016-0649,civil_procedure
2016-0649,employment
2016-0649,contract
2016-0649,tort
2016-0567,administrative_law
2016-0567,civil_procedure
2016-0567,statutory_interpretation
2016-0567,constitutional
2016-0567,property
2016-0567,contract
2016-0567,tort
2016-0567,evidence
2016-0567,tax
2016-0582,administrative_law
2016-0582,statutory_interpretation
2016-0582,contract
2016-0687,property
2016-0639,insurance
2016-0639,civil_procedure
2016-0639,statutory_interpretation
2016-0639,contract
2016-0639,tort
2016-0655,insurance
2016-0655,administrative_law
2016-0655,employment
2016-0655,tort
2016-0667,criminal
2016-0667,administrative_law
2016-0667,evidence
2016-0667,DWI
2017-0007,administrative_law
2017-0007,statutory_interpretation
2017-0007,contract
2017-0007,tort
2016-0426,criminal
2016-0426,statutory_interpretation
2016-0426,evidence
2016-0573,criminal
2016-0573,civil_procedure
2016-0679,administrative_law
2016-0679,property
2016-0118,criminal
2016-0118,family_law
2016-0118,civil_procedure
2016-0118,property
2016-0118,evidence
2016-0583,insurance
2016-0583,civil_procedure
2016-0583,contract
2016-0478,insurance
2016-0478,family_law
2016-0478,statutory_interpretation
2016-0478,property
2016-0478,employment
2016-0478,evidence
2016-0478,tax
2016-0530,criminal
2016-0530,family_law
2016-0530,statutory_interpretation
2016-0530,property
2016-0441,criminal
2016-0441,civil_procedure
2016-0441,constitutional
2016-0441,property
2017-0115,administrative_law
2017-0115,statutory_interpretation
2017-0115,employment
2016-0518,criminal
2016-0518,family_law
2016-0518,constitutional
2016-0518,evidence
2016-0546,administrative_law
2016-0546,civil_procedure
2016-0546,contract
2016-0546,tort
2016-0692,statutory_interpretation
2016-0692,contract
2016-0692,tort
2016-0692,evidence
2016-0694,criminal
2016-0694,civil_procedure
2016-0694,DWI
2017-0003,administrative_law
2017-0003,property
2017-0110,civil_procedure
2017-0110,statutory_interpretation
2017-0110,property
2017-0110,tax
2017-0142,administrative_law
2017-0142,property
2017-0159,civil_procedure
2017-0159,statutory_interpretation
2017-0159,property
2017-0159,contract
2017-0030,criminal
2017-0030,statutory_interpretation
2017-0030,evidence
2017-0056,insurance
2017-0056,family_law
2017-0056,statutory_interpretation
2017-0056,employment
2017-0035,insurance
2017-0035,administrative_law
2017-0035,family_law
2017-0035,civil_procedure
2017-0035,statutory_interpretation
2017-0035,property
2017-0035,contract
2017-0035,tort
2017-0143,criminal
2017-0143,statutory_interpretation
2017-0143,constitutional
2017-0187,insurance
2017-0187,statutory_interpretation
2017-0187,property
2017-0187,tort
2017-0187,evidence
2017-0187,tax
2017-0225,property
2017-0008,administrative_law
2017-0008,statutory_interpretation
2017-0008,property
2017-0008,contract
2017-0080,medicaid
2017-0080,civil_procedure
2017-0080,statutory_interpretation
2017-0080,property
2017-0080,employment
2017-0080,tort
2017-0313,administrative_law
2017-0313,civil_procedure
2017-0313,statutory_interpretation
2017-0313,property
2017-0313,tort
2017-0313,evidence
2017-0313,tax
2017-0372,civil_procedure
2017-0372,statutory_interpretation
2017-0372,constitutional
2017-0372,contract
2017-0372,tort
2017-0409,criminal
2017-0409,administrative_law
2017-0409,civil_procedure
2017-0409,statutory_interpretation
2017-0409,constitutional
2017-0409,employment
2017-0409,contract
2017-0409,tort
2017-0409,evidence
2017-0053,statutory_interpretation
2017-0053,property
2017-0116,criminal
2017-0116,insurance
2017-0116,civil_procedure
2017-0116,statutory_interpretation
2017-0116,constitutional
2017-0116,property
2017-0116,evidence
2017-0371,insurance
2017-0371,civil_procedure
2017-0371,property
2017-0371,employment
2017-0371,contract
2017-0371,tort
2016-0654,insurance
2016-0654,administrative_law
2016-0654,property
2016-0654,tort
2017-0066,administrative_law
2017-0066,statutory_interpretation
2017-0066,property
2017-0066,contract
2017-0120,property
2017-0120,tax
2017-0151,civil_procedure
2017-0151,statutory_interpretation
2017-0151,property
2017-0151,contract
2017-0151,evidence
2017-0151,DWI
2016-0363,property
2017-0104,criminal
2017-0104,competency
2017-0104,family_law
2017-0104,constitutional
2017-0104,evidence
2017-0104,DWI
2017-0277,civil_procedure
2017-0277,employment
2017-0277,contract
2017-0153,civil_procedure
2017-0153,statutory_interpretation
2017-0153,property
2017-0153,contract
2017-0153,tort
2017-0170,criminal
2017-0170,statutory_interpretation
2017-0170,constitutional
2017-0170,property
2017-0257,administrative_law
2017-0257,statutory_interpretation
2017-0257,property
2017-0257,tax
2017-0246,criminal
2017-0246,statutory_interpretation
2017-0246,constitutional
2017-0261,insurance
2017-0261,statutory_interpretation
2017-0261,property
2017-0261,contract
2017-0261,tort
2017-0532,statutory_interpretation
2017-0532,property
2017-0073,criminal
2017-0346,criminal
2017-0346,statutory_interpretation
2017-0346,constitutional
2017-0346,property
2017-0346,employment
2017-0429,administrative_law
2017-0429,civil_procedure
2017-0429,statutory_interpretation
2017-0429,constitutional
2017-0198,statutory_interpretation
2017-0198,property
2017-0198,contract
2017-0198,tax
2017-0318,statutory_interpretation
2017-0318,employment
2017-0318,contract
2017-0318,DWI
2017-0362,constitutional
2017-0362,employment
2017-0362,contract
2017-0451,property
2017-0519,civil_procedure
2017-0519,property
2017-0381,criminal
2017-0381,administrative_law
2017-0381,constitutional
2017-0381,tort
2017-0381,evidence
2017-0381,tax
2017-0385,criminal
2017-0385,statutory_interpretation
2017-0385,constitutional
2017-0412,family_law
2017-0412,civil_procedure
2017-0412,property
2017-0412,tort
2017-0422,civil_procedure
2017-0422,statutory_interpretation
2017-0422,constitutional
2017-0422,contract
2017-0449,insurance
2017-0449,administrative_law
2017-0449,statutory_interpretation
2017-0449,employment
2017-0449,tort
2017-0515,administrative_law
2017-0515,employment
2017-0472,administrative_law
2017-0472,statutory_interpretation
2017-0472,employment
2017-0472,contract
2017-0514,administrative_law
2017-0514,employment
2017-0514,contract
2017-0535,civil_procedure
2017-0535,statutory_interpretation
2017-0535,contract
2017-0536,insurance
2017-0536,family_law
2017-0536,statutory_interpretation
2017-0536,property
2017-0536,DWI
2017-0548,administrative_law
2017-0548,civil_procedure
2017-0548,statutory_interpretation
2017-0548,contract
2017-0280,criminal
2017-0280,constitutional
2017-0295,administrative_law
2017-0295,civil_procedure
2017-0295,statutory_interpretation
2017-0295,property
2017-0295,employment
2017-0378,administrative_law
2017-0378,constitutional
2017-0378,tort
2017-0378,evidence
2017-0518,family_law
2017-0518,civil_procedure
2017-0518,statutory_interpretation
2017-0518,domestic_violence
2017-0675,civil_procedure
2017-0675,contract
2017-0048,criminal
2017-0403,criminal
2017-0403,administrative_law
2017-0403,statutory_interpretation
2017-0403,constitutional
2017-0403,contract
2017-0403,tax
2017-0469,criminal
2017-0469,insurance
2017-0469,administrative_law
2017-0469,statutory_interpretation
2017-0469,employment
2017-0469,contract
2017-0469,tort
2017-0469,evidence
2017-0512,criminal
2017-0512,competency
2017-0512,family_law
2017-0512,constitutional
2017-0512,evidence
2017-0512,tax
2017-0387,criminal
2017-0387,tax
2017-0413,criminal
2017-0413,administrative_law
2017-0413,constitutional
2017-0413,property
2017-0443,criminal
2017-0443,constitutional
2017-0443,tort
2017-0595,statutory_interpretation
2017-0595,property
2017-0595,tax
2017-0673,insurance
2017-0673,civil_procedure
2017-0673,statutory_interpretation
2017-0673,property
2017-0673,contract
2017-0673,tort
2015-0687,criminal
2015-0687,statutory_interpretation
2015-0687,constitutional
2015-0687,property
2015-0687,evidence
2016-0577,criminal
2016-0577,civil_procedure
2017-0559,civil_procedure
2017-0559,statutory_interpretation
2017-0559,constitutional
2017-0559,tort
2017-0439,criminal
2017-0439,family_law
2017-0557,criminal
2017-0557,administrative_law
2017-0557,family_law
2017-0557,statutory_interpretation
2017-0557,contract
2017-0599,criminal
2017-0599,administrative_law
2017-0599,family_law
2017-0599,constitutional
2017-0599,property
2017-0599,tax
2017-0634,insurance
2017-0634,administrative_law
2017-0634,statutory_interpretation
2017-0634,constitutional
2017-0634,property
2017-0665,criminal
2017-0665,competency
2017-0665,family_law
2017-0665,statutory_interpretation
2017-0665,constitutional
2017-0665,evidence
2017-0717,insurance
2017-0717,civil_procedure
2017-0717,statutory_interpretation
2017-0717,property
2017-0717,contract
2017-0717,tort
2018-0139,statutory_interpretation
2018-0139,constitutional
2018-0139,domestic_violence
2017-0569,criminal
2017-0569,family_law
2017-0569,civil_procedure
2017-0569,statutory_interpretation
2017-0569,constitutional
2017-0658,administrative_law
2017-0658,civil_procedure
2017-0658,statutory_interpretation
2017-0658,constitutional
2017-0658,property
2017-0658,employment
2017-0658,contract
2017-0658,evidence
2017-0658,DWI
2017-0682,criminal
2017-0682,civil_procedure
2017-0682,constitutional
2017-0682,property
2017-0682,contract
2017-0682,tort
2017-0682,evidence
2017-0729,competency
2017-0729,administrative_law
2017-0729,statutory_interpretation
2017-0729,constitutional
2018-0006,statutory_interpretation
2018-0006,property
2018-0006,contract
2018-0060,insurance
2018-0060,civil_procedure
2018-0060,statutory_interpretation
2018-0060,contract
2018-0060,tort
2017-0425,criminal
2017-0425,family_law
2017-0425,civil_procedure
2017-0425,statutory_interpretation
2017-0425,constitutional
2017-0425,property
2017-0425,tort
2017-0425,evidence
2017-0692,criminal
2017-0692,insurance
2017-0692,administrative_law
2017-0692,statutory_interpretation
2017-0692,tort
2017-0692,evidence
2017-0692,DWI
2016-0429,criminal
2016-0429,evidence
2016-0701,criminal
2016-0701,family_law
2016-0701,constitutional
2018-0035,criminal
2018-0035,insurance
2018-0035,administrative_law
2018-0035,civil_procedure
2018-0035,statutory_interpretation
2018-0035,constitutional
2018-0035,property
2018-0035,employment
2018-0035,contract
2018-0035,tort
2018-0035,evidence
2018-0035,DWI
2018-0035,tax
2018-0061,administrative_law
2018-0061,family_law
2018-0061,civil_procedure
2018-0061,statutory_interpretation
2018-0061,evidence
2018-0092,medicaid
2018-0092,administrative_law
2018-0092,statutory_interpretation
2018-0092,employment
2018-0092,contract
2018-0092,tax
2018-0166,statutory_interpretation
2018-0166,property
2017-0712,criminal
2017-0712,evidence
2017-0414,criminal
2017-0414,insurance
2017-0414,property
2017-0459,criminal
2017-0459,evidence
2017-0459,domestic_violence
2017-0714,statutory_interpretation
2017-0714,property
2017-0714,contract
2018-0025,insurance
2018-0025,statutory_interpretation
2018-0025,property
2018-0025,contract
2018-0025,evidence
2018-0138,administrative_law
2018-0138,constitutional
2018-0138,evidence
2018-0208,criminal
2018-0208,administrative_law
2018-0208,statutory_interpretation
2018-0208,constitutional
2018-0208,property
2018-0208,employment
2018-0208,contract
2018-0208,evidence
2018-0208,domestic_violence
2017-0265,criminal
2017-0265,competency
2017-0265,statutory_interpretation
2017-0265,constitutional
2017-0265,DWI
2017-0265,tax
2017-0632,criminal
2017-0632,family_law
2017-0632,evidence
2018-0094,insurance
2018-0094,administrative_law
2018-0094,civil_procedure
2018-0094,statutory_interpretation
2018-0094,property
2018-0094,contract
2018-0094,tort
2018-0094,tax
2018-0136,civil_procedure
2018-0136,statutory_interpretation
2018-0136,property
2018-0136,contract
2018-0136,tort
2018-0136,tax
2018-0217,statutory_interpretation
2018-0217,property
2018-0217,tax
2018-0068,criminal
2018-0068,civil_procedure
2018-0068,tort
2017-0674,administrative_law
2017-0674,statutory_interpretation
2017-0674,property
2017-0674,contract
2017-0674,tax
2017-0697,insurance
2017-0697,family_law
2017-0697,statutory_interpretation
2017-0697,property
2017-0697,employment
2017-0697,contract
2017-0697,tax
2018-0029,criminal
2018-0029,civil_procedure
2018-0029,statutory_interpretation
2018-0029,constitutional
2018-0047,civil_procedure
2018-0047,statutory_interpretation
2018-0047,constitutional
2018-0047,property
2018-0047,contract
2018-0047,tort
2018-0047,evidence
2018-0031,criminal
2018-0031,civil_procedure
2018-0031,statutory_interpretation
2018-0031,constitutional
2018-0031,employment
2018-0096,criminal
2018-0096,competency
2018-0096,constitutional
2018-0096,property
2018-0096,tort
2018-0096,evidence
2018-0096,tax
2017-0693,administrative_law
2017-0693,statutory_interpretation
2017-0693,constitutional
2017-0693,DWI
2018-0198,criminal
2018-0198,administrative_law
2018-0198,civil_procedure
2018-0198,statutory_interpretation
2018-0198,constitutional
2018-0198,contract
2018-0198,tort
2018-0198,evidence
2018-0309,civil_procedure
2018-0309,property
2018-0309,contract
2017-0687,criminal
2017-0687,insurance
2017-0687,family_law
2017-0687,statutory_interpretation
2017-0687,constitutional
2017-0687,tort
2017-0687,evidence
2018-0145,criminal
2018-0145,family_law
2018-0145,constitutional
2018-0145,property
2018-0268,civil_procedure
2018-0268,property
2018-0268,contract
2018-0268,tax
2018-0013,family_law
2018-0013,statutory_interpretation
2018-0013,tort
2018-0182,civil_procedure
2018-0182,statutory_interpretation
2018-0182,property
2018-0182,contract
2018-0239,civil_procedure
2018-0239,statutory_interpretation
2018-0239,constitutional
2018-0239,contract
2018-0239,tort
2018-0239,tax
2017-0721,employment
2018-0222,criminal
2018-0222,competency
2018-0222,administrative_law
2018-0222,statutory_interpretation
2018-0222,contract
2018-0222,tort
2018-0425,civil_procedure
2018-0425,statutory_interpretation
2018-0425,property
2018-0425,employment
2018-0425,contract
2018-0425,tort
2018-0118,criminal
2018-0118,family_law
2018-0118,statutory_interpretation
2018-0118,constitutional
2018-0118,evidence
2018-0172,civil_procedure
2018-0172,property
2018-0172,contract
2018-0172,tax
2018-0244,insurance
2018-0244,family_law
2018-0244,property
2018-0244,employment
2018-0244,contract
2018-0244,evidence
2018-0154,civil_procedure
2018-0154,property
2018-0296,medicaid
2018-0296,administrative_law
2018-0296,civil_procedure
2018-0296,statutory_interpretation
2018-0296,constitutional
2018-0296,property
2018-0296,employment
2018-0328,criminal
2018-0328,administrative_law
2018-0328,constitutional
2018-0328,property
2018-0332,insurance
2018-0332,administrative_law
2018-0332,statutory_interpretation
2018-0332,property
2018-0332,tort
2018-0332,evidence
2018-0479,administrative_law
2018-0479,civil_procedure
2018-0479,statutory_interpretation
2018-0479,property
2018-0479,contract
2018-0479,tort
2018-0479,tax
2018-0517,civil_procedure
2018-0517,statutory_interpretation
2018-0517,constitutional
2018-0517,property
2018-0517,contract
2018-0517,tort
2018-0517,evidence
2018-0517,tax
2018-0130,criminal
2018-0130,property
2018-0171,administrative_law
2018-0171,statutory_interpretation
2018-0171,constitutional
2018-0171,property
2018-0171,tort
2018-0171,tax
2018-0202,civil_procedure
2018-0202,statutory_interpretation
2018-0202,property
2018-0202,contract
2018-0202,tort
2018-0202,tax
2018-0468,administrative_law
2018-0468,family_law
2018-0468,statutory_interpretation
2018-0468,constitutional
2018-0468,property
2018-0468,employment
2018-0468,contract
2018-0468,evidence
2018-0468,DWI
2018-0468,tax
2018-0495,administrative_law
2018-0495,statutory_interpretation
2018-0495,property
2018-0561,criminal
2018-0561,administrative_law
2018-0561,tort
2018-0561,evidence
2018-0604,criminal
2018-0604,family_law
2018-0604,civil_procedure
2018-0604,statutory_interpretation
2018-0604,property
2018-0604,contract
2018-0604,tort
2017-0361,criminal
2017-0361,family_law
2017-0361,constitutional
2017-0361,tort
2017-0361,evidence
2017-0361,DWI
2017-0361,tax
2018-0526,insurance
2018-0526,statutory_interpretation
2018-0526,contract
2018-0526,tort
2018-0648,civil_procedure
2018-0648,statutory_interpretation
2018-0648,property
2018-0648,employment
2018-0648,contract
2018-0675,criminal
2018-0675,administrative_law
2018-0675,employment
2018-0675,tort
2018-0264,family_law
2018-0264,statutory_interpretation
2018-0264,constitutional
2018-0264,DWI
2018-0310,insurance
2018-0310,administrative_law
2018-0310,employment
2018-0310,tort
2018-0347,criminal
2018-0347,civil_procedure
2018-0491,administrative_law
2018-0491,statutory_interpretation
2018-0491,constitutional
2018-0491,property
2018-0491,tort
2018-0292,criminal
2018-0292,competency
2018-0292,statutory_interpretation
2018-0292,constitutional
2018-0292,evidence
2018-0292,tax
2018-0355,criminal
2018-0355,competency
2018-0355,statutory_interpretation
2018-0355,constitutional
2018-0355,property
2018-0355,contract
2018-0355,tort
2018-0355,evidence
2018-0355,tax
2018-0537,criminal
2018-0537,competency
2018-0537,insurance
2018-0537,civil_procedure
2018-0537,statutory_interpretation
2018-0537,constitutional
2018-0537,property
2018-0537,contract
2018-0537,tort
2018-0141,statutory_interpretation
2018-0141,property
2018-0141,contract
2018-0141,tort
2018-0229,criminal
2018-0229,statutory_interpretation
2018-0624,competency
2018-0624,civil_procedure
2018-0624,employment
2018-0624,contract
2018-0624,DWI
2018-0327,insurance
2018-0327,civil_procedure
2018-0327,statutory_interpretation
2018-0327,property
2018-0327,contract
2018-0327,tort
2018-0327,evidence
2018-0327,tax
2018-0490,statutory_interpretation
2018-0490,property
2018-0490,contract
2018-0490,DWI
2018-0591,civil_procedure
2018-0591,statutory_interpretation
2018-0591,property
2018-0649,statutory_interpretation
2018-0649,property
2018-0649,tax
2018-0318,criminal
2018-0318,competency
2018-0318,family_law
2018-0318,civil_procedure
2018-0318,statutory_interpretation
2018-0318,constitutional
2018-0318,evidence
2018-0464,criminal
2018-0464,constitutional
2018-0464,evidence
2018-0545,criminal
2018-0570,administrative_law
2018-0570,civil_procedure
2018-0570,statutory_interpretation
2018-0570,property
2018-0570,contract
2018-0570,evidence
2018-0570,DWI
2018-0570,tax
2018-0637,criminal
2018-0637,family_law
2018-0637,statutory_interpretation
2018-0637,constitutional
2018-0637,property
2018-0637,domestic_violence
2017-0336,criminal
2017-0336,constitutional
2018-0416,criminal
2018-0416,insurance
2018-0416,statutory_interpretation
2018-0416,constitutional
2018-0416,contract
2018-0416,evidence
2018-0423,criminal
2018-0423,tax
2018-0548,criminal
2018-0548,civil_procedure
2018-0602,criminal
2018-0602,insurance
2018-0602,statutory_interpretation
2018-0602,property
2018-0602,contract
2018-0651,civil_procedure
2018-0651,statutory_interpretation
2018-0651,constitutional
2018-0651,property
2018-0651,employment
2018-0651,contract
2018-0651,tax
2018-0680,property
2018-0680,contract
2018-0680,evidence
2018-0680,tax
2018-0575,criminal
2018-0575,family_law
2018-0575,constitutional
2018-0575,employment
2018-0575,evidence
2018-0650,administrative_law
2018-0650,civil_procedure
2018-0650,statutory_interpretation
2018-0650,property
2018-0674,criminal
2018-0674,tort
2018-0674,evidence
2018-0702,insurance
2018-0702,civil_procedure
2018-0702,property
2018-0702,contract
2018-0702,tort
2018-0706,insurance
2018-0706,civil_procedure
2018-0706,statutory_interpretation
2018-0706,property
2018-0706,contract
2018-0706,tort
2019-0022,criminal
2019-0022,administrative_law
2019-0022,statutory_interpretation
2019-0022,property
2019-0022,tax
2018-0709,criminal
2019-0027,family_law
2019-0027,property
2019-0061,administrative_law
2019-0061,statutory_interpretation
2019-0061,property
2019-0061,contract
2019-0061,tax
2019-0092,statutory_interpretation
2019-0092,employment
2019-0092,tort
2019-0092,evidence
2019-0092,tax
2019-0115,insurance
2019-0115,administrative_law
2019-0115,statutory_interpretation
2019-0115,employment
2019-0057,constitutional
2019-0134,insurance
2019-0134,civil_procedure
2019-0134,statutory_interpretation
2019-0134,contract
2019-0134,DWI
2019-0135,administrative_law
2019-0135,statutory_interpretation
2019-0135,constitutional
2019-0135,employment
2019-0135,contract
2019-0135,DWI
2019-0135,tax
2019-0206,administrative_law
2019-0206,statutory_interpretation
2019-0206,constitutional
2019-0206,employment
2019-0206,tax
2019-0217,administrative_law
2019-0217,statutory_interpretation
2019-0217,constitutional
2018-0341,criminal
2018-0341,statutory_interpretation
2018-0647,criminal
2018-0647,administrative_law
2018-0647,constitutional
2018-0647,DWI
2019-0067,criminal
2019-0067,insurance
2019-0067,administrative_law
2019-0067,statutory_interpretation
2019-0067,property
2019-0067,contract
2019-0067,tort
2019-0067,evidence
2019-0096,contract
2018-0551,criminal
2018-0551,family_law
2018-0551,statutory_interpretation
2018-0551,constitutional
2018-0551,property
2018-0551,tort
2018-0551,evidence
2018-0551,tax
2019-0107,civil_procedure
2019-0107,property
2019-0107,contract
2019-0121,insurance
2019-0121,property
2019-0121,contract
2019-0121,tax
2019-0197,statutory_interpretation
2019-0197,property
2018-0369,criminal
2018-0369,evidence
2018-0700,family_law
2018-0700,statutory_interpretation
2018-0700,constitutional
2018-0700,property
2018-0700,employment
2018-0700,contract
2018-0700,evidence
2018-0700,tax
2019-0236,administrative_law
2019-0236,civil_procedure
2019-0236,property
2019-0236,contract
2019-0236,tort
2019-0273,insurance
2019-0273,civil_procedure
2019-0273,statutory_interpretation
2019-0273,constitutional
2019-0273,property
2019-0273,contract
2019-0273,tort
2018-0402,statutory_interpretation
2018-0402,constitutional
2018-0402,property
2018-0481,criminal
2018-0481,evidence
2018-0608,criminal
2018-0608,constitutional
2018-0608,evidence
2019-0150,administrative_law
2019-0150,statutory_interpretation
2019-0150,constitutional
2019-0229,administrative_law
2019-0171,criminal
2019-0171,family_law
2019-0171,civil_procedure
2019-0171,statutory_interpretation
2019-0171,constitutional
2019-0171,property
2019-0171,employment
2019-0171,contract
2019-0339,civil_procedure
2019-0339,statutory_interpretation
2019-0339,constitutional
2019-0339,property
2019-0339,tax
2019-0012,civil_procedure
2019-0012,statutory_interpretation
2019-0012,constitutional
2019-0012,contract
2019-0012,tort
2019-0012,evidence
2019-0120,administrative_law
2019-0120,civil_procedure
2019-0120,constitutional
2019-0120,property
2019-0120,contract
2019-0120,tort
2019-0120,evidence
2019-0287,statutory_interpretation
2019-0287,property
2019-0307,insurance
2019-0307,civil_procedure
2019-0307,constitutional
2019-0307,property
2019-0307,contract
2019-0372,administrative_law
2019-0372,employment
2019-0372,DWI
2019-0277,property
2019-0277,contract
2019-0277,tort
2019-0507,civil_procedure
2019-0507,constitutional
2019-0507,property
2019-0693,statutory_interpretation
2019-0693,constitutional
2019-0693,evidence
2019-0299,competency
2019-0299,administrative_law
2019-0299,civil_procedure
2019-0299,constitutional
2019-0278,property
2019-0278,tax
2019-0396,property
2019-0396,contract
2019-0396,tax
2019-0319,criminal
2019-0319,administrative_law
2019-0319,statutory_interpretation
2019-0319,property
2019-0319,contract
2019-0319,tort
2019-0319,tax
2019-0460,civil_procedure
2019-0460,statutory_interpretation
2019-0460,constitutional
2019-0460,property
2019-0460,contract
2019-0460,tax
2019-0280,criminal
2019-0280,administrative_law
2019-0280,constitutional
2019-0280,property
2019-0280,tort
2019-0280,tax
2019-0302,statutory_interpretation
2019-0302,constitutional
2019-0302,property
2019-0302,tax
2019-0493,family_law
2019-0493,constitutional
2018-0433,criminal
2018-0433,family_law
2018-0433,statutory_interpretation
2018-0433,constitutional
2018-0433,evidence
2019-0464,insurance
2019-0464,administrative_law
2019-0464,statutory_interpretation
2019-0464,employment
2019-0464,tort
2019-0354,civil_procedure
2019-0354,statutory_interpretation
2019-0354,property
2019-0354,employment
2019-0354,contract
2019-0354,tort
2019-0072,criminal
2019-0072,statutory_interpretation
2019-0072,constitutional
2019-0072,evidence
2019-0250,criminal
2019-0250,statutory_interpretation
2019-0250,property
2019-0250,contract
2019-0250,DWI
2019-0548,civil_procedure
2019-0548,statutory_interpretation
2019-0548,property
2019-0548,contract
2019-0548,tort
2019-0124,criminal
2019-0124,family_law
2019-0124,constitutional
2019-0535,administrative_law
2019-0535,family_law
2019-0535,civil_procedure
2019-0535,statutory_interpretation
2019-0535,constitutional
2019-0535,contract
2019-0535,tort
2019-0705,criminal
2019-0705,administrative_law
2019-0705,contract
2019-0200,civil_procedure
2019-0346,criminal
2019-0346,evidence
2019-0553,civil_procedure
2019-0553,statutory_interpretation
2019-0553,property
2019-0553,contract
2019-0553,tort
2019-0553,tax
2019-0240,civil_procedure
2019-0240,constitutional
2019-0240,property
2019-0240,contract
2019-0279,criminal
2019-0279,administrative_law
2019-0279,family_law
2019-0279,civil_procedure
2019-0279,statutory_interpretation
2019-0279,constitutional
2019-0279,employment
2019-0279,tax
2019-0442,criminal
2019-0442,evidence
2019-0719,civil_procedure
2019-0719,statutory_interpretation
2019-0719,property
2019-0752,statutory_interpretation
2019-0752,property
2019-0371,criminal
2019-0371,civil_procedure
2019-0371,constitutional
2019-0371,property
2019-0371,evidence
2019-0500,administrative_law
2019-0500,civil_procedure
2019-0500,statutory_interpretation
2019-0500,constitutional
2019-0500,property
2019-0500,tort
2019-0500,tax
2019-0539,criminal
2019-0539,statutory_interpretation
2019-0539,tort
2019-0522,criminal
2019-0522,evidence
2019-0590,statutory_interpretation
2019-0590,property
2019-0407,criminal
2019-0407,family_law
2019-0407,constitutional
2019-0407,tort
2019-0616,administrative_law
2019-0616,civil_procedure
2019-0616,statutory_interpretation
2019-0616,constitutional
2019-0616,property
2019-0616,tax
2019-0654,administrative_law
2019-0654,statutory_interpretation
2019-0654,employment
2019-0654,tax
2019-0528,criminal
2019-0528,civil_procedure
2019-0528,statutory_interpretation
2019-0528,constitutional
2019-0620,insurance
2019-0620,civil_procedure
2019-0620,property
2019-0620,contract
2019-0620,tort
2019-0620,evidence
2019-0620,tax
2019-0608,criminal
2019-0608,property
2019-0608,tort
2019-0608,evidence
2019-0739,insurance
2019-0739,administrative_law
2019-0739,employment
2020-0005,administrative_law
2020-0005,statutory_interpretation
2020-0005,employment
2020-0005,evidence
2020-0005,domestic_violence
2019-0685,criminal
2019-0685,insurance
2019-0685,administrative_law
2019-0685,statutory_interpretation
2019-0685,constitutional
2019-0685,property
2019-0685,employment
2019-0685,tort
2019-0734,insurance
2019-0734,family_law
2019-0734,statutory_interpretation
2019-0734,property
2019-0734,employment
2019-0734,contract
2019-0734,tort
2019-0734,tax
2020-0100,civil_procedure
2020-0100,statutory_interpretation
2020-0100,constitutional
2020-0100,tort
2020-0033,criminal
2020-0033,constitutional
2020-0033,DWI
2020-0034,administrative_law
2020-0034,property
2020-0049,administrative_law
2020-0049,constitutional
2020-0049,contract
2020-0049,tax
2020-0365,criminal
2020-0365,property
2020-0365,tax
2019-0605,insurance
2019-0605,administrative_law
2019-0605,statutory_interpretation
2019-0605,constitutional
2019-0605,employment
2019-0605,contract
2019-0605,tort
2019-0727,insurance
2019-0727,administrative_law
2019-0727,civil_procedure
2019-0727,statutory_interpretation
2019-0727,constitutional
2019-0727,property
2019-0727,contract
2020-0001,administrative_law
2020-0001,property
2020-0185,insurance
2020-0185,administrative_law
2020-0185,statutory_interpretation
2020-0185,employment
2020-0185,tax
2019-0716,competency
2019-0716,administrative_law
2019-0716,civil_procedure
2019-0716,constitutional
2018-0104,criminal
2018-0104,constitutional
2018-0104,tort
2018-0662,criminal
2019-0603,administrative_law
2019-0603,constitutional
2019-0603,evidence
2019-0603,DWI
2019-0653,criminal
2019-0653,competency
2019-0653,administrative_law
2019-0653,constitutional
2019-0653,employment
2019-0653,tax
2019-0668,criminal
2019-0668,competency
2019-0668,constitutional
2019-0668,tax
2019-0736,criminal
2019-0736,constitutional
2020-0268,administrative_law
2020-0163,criminal
2020-0163,competency
2020-0163,statutory_interpretation
2020-0163,tort
2020-0163,evidence
2020-0163,DWI
2020-0216,civil_procedure
2020-0216,statutory_interpretation
2020-0216,constitutional
2020-0216,property
2020-0216,employment
2020-0052,administrative_law
2020-0052,statutory_interpretation
2020-0052,constitutional
2020-0063,administrative_law
2020-0063,DWI
2020-0080,family_law
2020-0080,statutory_interpretation
2020-0080,property
2020-0080,tort
2020-0080,tax
2020-0167,constitutional
2020-0167,property
2020-0167,employment
2019-0537,insurance
2019-0537,family_law
2019-0537,property
2019-0537,tax
2019-0680,criminal
2019-0680,statutory_interpretation
2019-0680,constitutional
2020-0454,criminal
2020-0454,competency
2020-0454,medicaid
2020-0454,administrative_law
2020-0454,family_law
2020-0454,civil_procedure
2020-0454,statutory_interpretation
2020-0454,constitutional
2020-0454,contract
2020-0029,family_law
2020-0029,statutory_interpretation
2020-0029,property
2020-0201,insurance
2020-0201,family_law
2020-0201,statutory_interpretation
2020-0201,property
2020-0201,evidence
2020-0201,tax
2018-0336,criminal
2018-0336,administrative_law
2018-0336,statutory_interpretation
2018-0336,property
2018-0336,contract
2018-0336,evidence
2020-0025,criminal
2020-0025,employment
2020-0025,evidence
2020-0053,criminal
2020-0053,statutory_interpretation
2020-0053,tort
2020-0320,medicaid
2020-0320,administrative_law
2020-0320,statutory_interpretation
2020-0320,property
2020-0320,contract
2020-0320,tort
2020-0320,tax
2020-0172,insurance
2020-0172,statutory_interpretation
2020-0252,criminal
2020-0252,administrative_law
2020-0252,civil_procedure
2020-0252,statutory_interpretation
2020-0252,constitutional
2020-0252,tort
2020-0252,evidence
2020-0252,tax
2020-0515,criminal
2020-0515,statutory_interpretation
2020-0515,property
2020-0515,evidence
2020-0515,domestic_violence
2020-0113,property
2020-0113,employment
2020-0113,contract
2020-0518,administrative_law
2020-0518,civil_procedure
2020-0518,statutory_interpretation
2020-0518,constitutional
2020-0518,contract
2020-0518,tort
2020-0518,tax
2020-0437,statutory_interpretation
2020-0437,constitutional
2020-0437,property
2020-0449,statutory_interpretation
2020-0449,employment
2020-0449,contract
2016-0037,criminal
2016-0037,constitutional
2016-0037,evidence
2020-0259,civil_procedure
2020-0259,statutory_interpretation
2020-0259,constitutional
2020-0259,property
2020-0259,contract
2020-0259,tort
2020-0259,evidence
2020-0259,DWI
2020-0259,tax
2020-0370,civil_procedure
2020-0370,statutory_interpretation
2020-0370,property
2020-0370,employment
2020-0370,contract
2018-0315,criminal
2018-0315,family_law
2018-0315,evidence
2020-0316,statutory_interpretation
2020-0316,property
2020-0316,contract
2020-0275,property
2020-0275,evidence
2020-0275,tax
2020-0536,administrative_law
2020-0536,constitutional
2020-0536,property
2020-0536,tort
2020-0536,tax
2020-0538,administrative_law
2020-0538,statutory_interpretation
2020-0538,constitutional
2020-0538,property
2020-0538,tax
2020-0473,administrative_law
2020-0473,property
2020-0473,tax
2020-0474,administrative_law
2020-0474,property
2020-0474,tax
2020-0475,administrative_law
2020-0475,property
2020-0475,tax
2021-0088,criminal
2021-0088,statutory_interpretation
2021-0088,constitutional
2021-0168,criminal
2021-0168,administrative_law
2021-0168,family_law
2021-0168,civil_procedure
2021-0168,statutory_interpretation
2021-0168,constitutional
2021-0168,DWI
2020-0251,property
2020-0358,civil_procedure
2020-0358,statutory_interpretation
2020-0358,constitutional
2020-0358,property
2020-0358,tax
2018-0606,criminal
2018-0606,competency
2018-0606,constitutional
2018-0606,property
2018-0606,contract
2018-0606,tax
2020-0416,administrative_law
2020-0416,statutory_interpretation
2020-0416,constitutional
2020-0416,employment
2020-0416,contract
2021-0111,criminal
2021-0111,domestic_violence
2019-0737,criminal
2020-0447,criminal
2020-0447,civil_procedure
2020-0447,statutory_interpretation
2020-0447,constitutional
2020-0521,civil_procedure
2020-0521,evidence
2021-0014,criminal
2021-0014,administrative_law
2021-0014,statutory_interpretation
2021-0014,constitutional
2021-0014,property
2021-0014,evidence
2021-0014,DWI
2020-0450,administrative_law
2020-0450,statutory_interpretation
2020-0450,employment
2020-0457,constitutional
2020-0457,property
2020-0457,contract
2020-0204,criminal
2020-0204,statutory_interpretation
2020-0204,evidence
2020-0204,domestic_violence
2020-0234,criminal
2020-0234,administrative_law
2020-0234,statutory_interpretation
2020-0234,constitutional
2020-0234,contract
2020-0470,criminal
2020-0470,statutory_interpretation
2020-0470,employment
2021-0156,insurance
2021-0156,administrative_law
2021-0156,civil_procedure
2021-0156,statutory_interpretation
2021-0156,contract
2021-0156,tort
2020-0165,criminal
2020-0165,administrative_law
2020-0165,statutory_interpretation
2020-0165,evidence
2020-0496,civil_procedure
2020-0496,statutory_interpretation
2020-0496,tort
2020-0563,criminal
2020-0563,insurance
2020-0563,administrative_law
2020-0563,statutory_interpretation
2020-0563,constitutional
2020-0563,employment
2020-0563,tort
2020-0563,evidence
2021-0129,civil_procedure
2021-0129,employment
2021-0129,evidence
2019-0265,criminal
2019-0265,employment
2019-0265,tort
2019-0265,evidence
2021-0146,criminal
2021-0146,administrative_law
2021-0146,statutory_interpretation
2021-0146,constitutional
2021-0146,domestic_violence
2019-0503,criminal
2019-0503,civil_procedure
2019-0503,constitutional
2019-0628,criminal
2019-0628,evidence
2021-0031,statutory_interpretation
2021-0031,property
2021-0061,insurance
2021-0061,statutory_interpretation
2021-0061,employment
2021-0061,contract
2020-0322,criminal
2020-0322,statutory_interpretation
2020-0322,constitutional
2021-0027,administrative_law
2021-0027,statutory_interpretation
2021-0027,constitutional
2021-0027,employment
2021-0027,contract
2021-0138,civil_procedure
2021-0138,statutory_interpretation
2021-0138,property
2021-0234,administrative_law
2021-0234,family_law
2021-0234,statutory_interpretation
2021-0234,constitutional
2021-0234,employment
2021-0234,contract
2020-0569,criminal
2020-0569,administrative_law
2020-0569,statutory_interpretation
2021-0015,civil_procedure
2021-0015,statutory_interpretation
2021-0015,property
2021-0015,DWI
2021-0068,insurance
2021-0068,administrative_law
2021-0068,civil_procedure
2021-0068,statutory_interpretation
2021-0068,property
2021-0068,contract
2021-0102,administrative_law
2021-0102,civil_procedure
2021-0102,statutory_interpretation
2021-0102,property
2021-0102,contract
2021-0102,tort
2021-0250,civil_procedure
2021-0250,statutory_interpretation
2021-0250,property
2021-0244,administrative_law
2021-0244,civil_procedure
2021-0244,statutory_interpretation
2021-0244,employment
2021-0244,contract
2021-0075,family_law
2021-0085,administrative_law
2021-0085,property
2021-0139,administrative_law
2021-0139,civil_procedure
2021-0139,statutory_interpretation
2021-0139,property
2019-0130,criminal
2019-0130,family_law
2020-0148,criminal
2020-0148,evidence
2020-0148,domestic_violence
2021-0114,civil_procedure
2021-0114,property
2021-0142,civil_procedure
2021-0142,statutory_interpretation
2021-0142,property
2021-0142,contract
2021-0142,tort
2021-0253,criminal
2021-0253,administrative_law
2021-0253,statutory_interpretation
2021-0253,constitutional
2021-0253,employment
2021-0253,tax
2021-0274,criminal
2021-0274,statutory_interpretation
2021-0274,tax
2020-0364,criminal
2020-0364,family_law
2020-0364,evidence
2020-0570,criminal
2020-0570,civil_procedure
2020-0570,statutory_interpretation
2020-0570,constitutional
2021-0071,insurance
2021-0071,administrative_law
2021-0071,statutory_interpretation
2021-0071,employment
2021-0071,contract
2021-0071,tort
2021-0187,insurance
2021-0187,administrative_law
2021-0187,employment
2021-0187,tort
2021-0194,criminal
2021-0194,family_law
2021-0194,statutory_interpretation
2021-0194,constitutional
2021-0194,domestic_violence
2021-0211,insurance
2021-0211,administrative_law
2021-0211,statutory_interpretation
2021-0211,contract
2021-0211,tort
2021-0053,administrative_law
2021-0053,statutory_interpretation
2021-0053,property
2021-0286,administrative_law
2021-0286,constitutional
2021-0286,property
2021-0286,contract
2021-0286,evidence
2021-0418,criminal
2021-0418,constitutional
2021-0418,property
2021-0418,domestic_violence
2021-0418,tax
2021-0151,civil_procedure
2021-0151,statutory_interpretation
2021-0151,constitutional
2021-0197,criminal
2021-0197,constitutional
2021-0197,DWI
2021-0392,administrative_law
2021-0392,property
2021-0392,tax
2021-0166,civil_procedure
2021-0166,statutory_interpretation
2021-0166,tort
2021-0213,civil_procedure
2021-0213,contract
2021-0213,tort
2021-0214,administrative_law
2021-0214,property
2021-0248,medicaid
2021-0248,administrative_law
2021-0248,statutory_interpretation
2021-0248,constitutional
2021-0248,property
2021-0248,employment
2021-0248,contract
2021-0280,insurance
2021-0280,civil_procedure
2021-0280,statutory_interpretation
2021-0280,property
2021-0280,contract
2021-0280,tort
2021-0147,criminal
2021-0147,civil_procedure
2021-0147,statutory_interpretation
2021-0147,evidence
2021-0147,DWI
2021-0148,criminal
2021-0148,civil_procedure
2021-0148,evidence
2021-0148,DWI
2021-0349,civil_procedure
2021-0349,statutory_interpretation
2021-0349,constitutional
2021-0349,property
2021-0349,contract
2021-0349,tax
2021-0356,civil_procedure
2021-0356,statutory_interpretation
2021-0356,constitutional
2021-0356,property
2021-0356,contract
2021-0356,tax
2016-0006,criminal
2016-0006,statutory_interpretation
2016-0006,evidence
2016-0006,domestic_violence
2020-0404,criminal
2020-0404,family_law
2020-0404,constitutional
2021-0009,criminal
2021-0009,constitutional
2021-0009,tax
2021-0267,administrative_law
2021-0267,statutory_interpretation
2021-0267,constitutional
2021-0267,employment
2021-0267,tax
2021-0369,insurance
2021-0369,employment
2021-0325,civil_procedure
2021-0325,statutory_interpretation
2021-0325,constitutional
2021-0325,property
2021-0325,contract
2021-0325,tort
2021-0325,tax
2021-0357,criminal
2021-0357,competency
2021-0357,civil_procedure
2021-0357,constitutional
2021-0357,evidence
2021-0357,domestic_violence
2021-0478,administrative_law
2021-0478,statutory_interpretation
2021-0478,employment
2021-0087,criminal
2021-0087,administrative_law
2021-0087,family_law
2021-0087,tort
2022-0184,administrative_law
2022-0184,constitutional
2021-0338,medicaid
2021-0338,property
2021-0338,contract
2021-0338,tort
2021-0376,insurance
2021-0376,civil_procedure
2021-0376,statutory_interpretation
2021-0376,property
2021-0376,contract
2021-0376,tort
2021-0376,DWI
2021-0448,insurance
2021-0448,family_law
2021-0448,civil_procedure
2021-0448,statutory_interpretation
2021-0448,property
2021-0448,contract
2021-0448,tort
2021-0448,tax
2021-0473,administrative_law
2021-0473,property
2021-0476,administrative_law
2021-0476,statutory_interpretation
2021-0476,property
2021-0161,criminal
2021-0161,constitutional
2021-0322,criminal
2021-0322,DWI
2021-0361,criminal
2021-0361,statutory_interpretation
2021-0361,constitutional
2021-0268,criminal
2021-0268,family_law
2021-0268,constitutional
2021-0294,family_law
2021-0294,constitutional
2021-0543,administrative_law
2021-0543,statutory_interpretation
2021-0543,constitutional
2021-0543,property
2021-0543,evidence
2021-0563,competency
2021-0563,administrative_law
2021-0563,family_law
2021-0563,civil_procedure
2021-0563,constitutional
2021-0563,property
2021-0563,tort
2021-0570,administrative_law
2021-0570,statutory_interpretation
2021-0570,property
2021-0574,insurance
2021-0574,civil_procedure
2021-0574,statutory_interpretation
2021-0574,property
2021-0394,criminal
2021-0394,family_law
2021-0394,constitutional
2021-0576,civil_procedure
2021-0576,contract
2022-0154,civil_procedure
2022-0154,statutory_interpretation
2022-0154,employment
2022-0154,tax
2020-0333,criminal
2020-0333,family_law
2020-0333,domestic_violence
2021-0511,constitutional
2021-0511,property
2021-0511,employment
2021-0511,contract
2021-0511,evidence
2021-0511,DWI
2019-0314,criminal
2019-0314,competency
2019-0314,family_law
2019-0314,constitutional
2019-0314,domestic_violence
2019-0314,tax
2021-0360,criminal
2021-0360,statutory_interpretation
2021-0360,tort
2021-0360,evidence
2021-0360,domestic_violence
2021-0605,criminal
2021-0605,statutory_interpretation
2021-0605,constitutional
2021-0605,tax
2021-0429,criminal
2021-0429,property
2021-0429,tort
2021-0429,evidence
2021-0441,property
2022-0155,insurance
2022-0155,administrative_law
2022-0155,civil_procedure
2022-0155,statutory_interpretation
2022-0155,property
2022-0155,contract
2022-0155,tort
2022-0155,DWI
2021-0385,insurance
2021-0385,civil_procedure
2021-0385,statutory_interpretation
2021-0385,property
2021-0385,contract
2021-0385,tort
2021-0385,tax
2022-0098,criminal
2022-0098,family_law
2022-0098,statutory_interpretation
2022-0098,constitutional
2022-0098,property
2022-0098,DWI
2022-0132,insurance
2022-0132,statutory_interpretation
2022-0132,property
2022-0132,contract
2022-0132,tort
2022-0224,administrative_law
2021-0270,criminal
2021-0270,evidence
2022-0014,civil_procedure
2022-0014,statutory_interpretation
2022-0014,property
2022-0101,administrative_law
2022-0101,civil_procedure
2022-0101,statutory_interpretation
2022-0101,property
2022-0101,employment
2022-0101,contract
2022-0101,tort
2022-0101,evidence
2021-0113,family_law
2021-0113,DWI
2021-0153,administrative_law
2021-0153,statutory_interpretation
2021-0153,employment
2021-0153,DWI
2021-0153,tax
2022-0058,criminal
2022-0058,civil_procedure
2022-0058,statutory_interpretation
2022-0196,statutory_interpretation
2022-0196,property
2022-0196,DWI
2022-0196,tax
2021-0547,criminal
2021-0547,evidence
2022-0084,administrative_law
2022-0084,civil_procedure
2022-0084,contract
2021-0464,criminal
2021-0464,statutory_interpretation
2021-0464,contract
2021-0497,criminal
2021-0497,statutory_interpretation
2021-0601,property
2021-0602,insurance
2021-0602,family_law
2021-0602,property
2022-0038,criminal
2022-0038,domestic_violence
2022-0122,constitutional
2022-0122,property
2022-0142,statutory_interpretation
2022-0142,constitutional
2022-0142,property
2022-0208,administrative_law
2022-0208,statutory_interpretation
2022-0208,constitutional
2022-0208,property
2022-0208,employment
2022-0208,evidence
2022-0294,civil_procedure
2022-0294,statutory_interpretation
2022-0294,property
2022-0294,contract
2022-0414,criminal
2022-0414,statutory_interpretation
2021-0350,criminal
2021-0350,family_law
2021-0350,statutory_interpretation
2021-0350,constitutional
2021-0350,evidence
2022-0042,statutory_interpretation
2022-0042,property
2022-0081,criminal
2022-0081,constitutional
2022-0146,administrative_law
2022-0146,statutory_interpretation
2022-0146,property
2022-0146,tax
2022-0268,insurance
2022-0268,family_law
2022-0268,statutory_interpretation
2022-0268,property
2022-0268,tax
2021-0447,administrative_law
2021-0447,property
2022-0198,criminal
2022-0198,statutory_interpretation
2022-0198,constitutional
2022-0321,criminal
2022-0321,administrative_law
2022-0321,family_law
2022-0321,statutory_interpretation
2022-0321,constitutional
2022-0321,employment
2022-0321,contract
2022-0321,domestic_violence
2022-0348,criminal
2022-0348,competency
2022-0348,administrative_law
2022-0348,family_law
2022-0348,civil_procedure
2022-0348,statutory_interpretation
2022-0348,constitutional
2022-0348,contract
2022-0348,tort
2021-0344,property
2021-0344,contract
2021-0410,administrative_law
2021-0410,statutory_interpretation
2021-0410,property
2022-0087,administrative_law
2022-0087,civil_procedure
2022-0087,statutory_interpretation
2022-0309,statutory_interpretation
2022-0309,property
2021-0585,insurance
2021-0585,administrative_law
2021-0585,constitutional
2021-0585,property
2021-0585,contract
2022-0182,administrative_law
2022-0182,property
2022-0197,civil_procedure
2022-0197,statutory_interpretation
2022-0197,constitutional
2022-0197,tort
2022-0197,evidence
2022-0237,administrative_law
2022-0237,statutory_interpretation
2022-0237,constitutional
2022-0237,employment
2022-0238,property
2022-0238,tax
2021-0554,medicaid
2021-0554,administrative_law
2021-0554,employment
2022-0219,administrative_law
2022-0219,property
2022-0219,tort
2022-0222,civil_procedure
2022-0222,property
2022-0222,contract
2022-0222,tort
2022-0236,administrative_law
2022-0236,statutory_interpretation
2022-0236,property
2022-0236,contract
2022-0304,family_law
2022-0304,constitutional
2022-0538,civil_procedure
2022-0538,statutory_interpretation
2022-0538,constitutional
2022-0538,property
2022-0145,administrative_law
2022-0145,statutory_interpretation
2022-0145,property
2022-0145,contract
2022-0145,evidence
2022-0202,administrative_law
2022-0202,property
2022-0202,tax
2022-0301,administrative_law
2022-0301,civil_procedure
2022-0301,statutory_interpretation
2022-0301,employment
2022-0301,contract
2022-0301,tort
2022-0129,family_law
2022-0129,property
2022-0129,employment
2022-0129,evidence
2022-0251,criminal
2022-0251,family_law
2022-0251,property
2022-0251,contract
2022-0251,evidence
2022-0259,criminal
2022-0259,civil_procedure
2022-0259,property
2022-0259,employment
2022-0276,statutory_interpretation
2022-0276,constitutional
2022-0276,property
2022-0457,civil_procedure
2022-0457,property
2022-0457,DWI
2022-0201,criminal
2022-0201,administrative_law
2022-0439,administrative_law
2022-0439,civil_procedure
2022-0439,property
2022-0525,administrative_law
2022-0525,property
2022-0525,contract
2022-0525,tax
2022-0070,criminal
2022-0070,domestic_violence
2022-0537,administrative_law
2022-0537,family_law
2022-0537,civil_procedure
2022-0537,statutory_interpretation
2022-0537,constitutional
2022-0537,property
2022-0537,contract
2022-0544,insurance
2022-0544,medicaid
2022-0544,employment
2022-0544,contract
2019-0490,criminal
2019-0490,civil_procedure
2022-0372,criminal
2022-0372,domestic_violence
2022-0652,civil_procedure
2022-0652,contract
2022-0652,tort
2022-0212,criminal
2022-0212,property
2022-0234,family_law
2022-0234,statutory_interpretation
2022-0234,property
2022-0234,evidence
2022-0253,criminal
2022-0629,civil_procedure
2022-0629,statutory_interpretation
2022-0629,constitutional
2022-0629,property
2022-0629,evidence
2022-0629,tax
2022-0082,criminal
2022-0082,civil_procedure
2022-0082,property
2022-0320,family_law
2022-0320,DWI
2022-0320,tax
2022-0223,insurance
2022-0223,administrative_law
2022-0223,employment
2022-0483,family_law
2022-0483,property
2022-0553,medicaid
2022-0553,administrative_law
2022-0553,employment
2022-0553,tort
2022-0578,criminal
2022-0578,administrative_law
2022-0578,civil_procedure
2022-0578,statutory_interpretation
2022-0578,constitutional
2022-0578,employment
2022-0578,evidence
2022-0578,tax
2023-0023,statutory_interpretation
2023-0023,property
2023-0023,contract
2023-0023,evidence
2023-0023,tax
2022-0311,criminal
2022-0311,civil_procedure
2022-0410,family_law
2022-0410,property
2022-0410,contract
2022-0410,evidence
2022-0467,family_law
2022-0467,statutory_interpretation
2022-0467,employment
2022-0467,contract
2022-0498,evidence
2022-0498,DWI
2022-0500,administrative_law
2022-0500,civil_procedure
2022-0500,statutory_interpretation
2022-0500,constitutional
2022-0500,employment
2022-0500,contract
2022-0648,insurance
2022-0648,civil_procedure
2022-0648,statutory_interpretation
2022-0648,property
2022-0648,employment
2022-0648,contract
2022-0648,tort
2022-0648,tax
2022-0020,criminal
2022-0020,civil_procedure
2022-0020,constitutional
2022-0020,DWI
2022-0432,criminal
2022-0432,statutory_interpretation
2022-0432,constitutional
2022-0545,administrative_law
2022-0545,property
2022-0583,administrative_law
2022-0583,civil_procedure
2022-0583,property
2023-0022,family_law
2023-0022,civil_procedure
2023-0022,statutory_interpretation
2023-0022,property
2023-0022,employment
2023-0022,contract
2021-0310,criminal
2021-0310,evidence
2021-0419,insurance
2021-0419,family_law
2021-0419,statutory_interpretation
2021-0419,constitutional
2021-0419,evidence
2022-0106,criminal
2022-0106,statutory_interpretation
2022-0106,evidence
2022-0436,administrative_law
2022-0436,statutory_interpretation
2022-0436,property
2022-0536,competency
2022-0536,constitutional
2022-0536,evidence
2022-0651,medicaid
2022-0651,civil_procedure
2022-0651,statutory_interpretation
2022-0651,constitutional
2022-0651,employment
2022-0651,contract
2022-0651,tax
2022-0693,insurance
2022-0693,medicaid
2022-0693,family_law
2022-0693,statutory_interpretation
2022-0693,employment
2022-0693,contract
2022-0693,tort
2022-0693,tax
2022-0707,property
2022-0488,family_law
2022-0488,property
2022-0488,employment
2022-0557,criminal
2022-0557,statutory_interpretation
2022-0557,evidence
2022-0696,insurance
2022-0696,administrative_law
2022-0696,statutory_interpretation
2022-0696,employment
2022-0696,tort
2023-0014,family_law
2023-0014,statutory_interpretation
2023-0014,tax
2022-0503,criminal
2022-0587,insurance
2022-0587,administrative_law
2022-0587,employment
2022-0587,tort
2022-0592,civil_procedure
2022-0592,statutory_interpretation
2022-0592,property
2022-0592,contract
2022-0592,tax
2022-0690,insurance
2022-0690,administrative_law
2022-0690,civil_procedure
2022-0690,statutory_interpretation
2022-0690,constitutional
2022-0690,property
2022-0714,insurance
2022-0714,civil_procedure
2022-0714,contract
2022-0714,tort
2022-0613,criminal
2022-0613,constitutional
2023-0210,criminal
2023-0210,competency
2023-0210,family_law
2023-0210,statutory_interpretation
2023-0210,evidence
2021-0460,criminal
2021-0460,family_law
2021-0460,civil_procedure
2021-0460,constitutional
2021-0531,criminal
2021-0531,constitutional
2021-0531,domestic_violence
2021-0531,tax
2022-0643,criminal
2022-0643,civil_procedure
2022-0643,constitutional
2022-0643,evidence
2022-0643,tax
2023-0011,constitutional
2023-0018,civil_procedure
2023-0018,contract
2023-0211,civil_procedure
2023-0211,statutory_interpretation
2023-0211,property
2023-0211,contract
2022-0431,criminal
2022-0431,tort
2022-0588,criminal
2022-0588,competency
2022-0588,constitutional
2022-0588,evidence
2023-0076,civil_procedure
2023-0076,contract
2023-0109,insurance
2023-0109,civil_procedure
2023-0109,employment
2023-0109,contract
2023-0109,tort
2019-0413,criminal
2019-0413,competency
2019-0413,statutory_interpretation
2019-0413,constitutional
2019-0413,evidence
2022-0306,criminal
2022-0306,administrative_law
2022-0306,family_law
2022-0306,civil_procedure
2023-0083,criminal
2023-0083,insurance
2023-0083,administrative_law
2023-0083,employment
2023-0083,contract
2023-0083,domestic_violence
2023-0265,civil_procedure
2023-0265,property
2022-0563,criminal
2022-0563,civil_procedure
2022-0616,criminal
2022-0616,statutory_interpretation
2022-0616,constitutional
2022-0616,DWI
2023-0012,family_law
2023-0012,property
2023-0097,civil_procedure
2023-0097,statutory_interpretation
2023-0097,constitutional
2023-0097,contract
2023-0097,tort
2023-0097,tax
2023-0189,administrative_law
2023-0189,statutory_interpretation
2023-0189,property
2022-0244,criminal
2022-0244,family_law
2022-0244,constitutional
2022-0244,evidence
2022-0244,domestic_violence
2022-0728,criminal
2022-0728,civil_procedure
2022-0728,constitutional
2022-0728,DWI
2023-0128,criminal
2023-0128,family_law
2023-0128,civil_procedure
2023-0128,statutory_interpretation
2023-0128,employment
2023-0278,administrative_law
2023-0278,statutory_interpretation
2023-0278,constitutional
2023-0278,property
2023-0278,contract
2023-0278,evidence
2023-0278,tax
2022-0425,criminal
2022-0425,family_law
2022-0425,constitutional
2022-0425,property
2022-0425,DWI
2022-0568,administrative_law
2022-0568,property
2022-0568,tax
2023-0030,criminal
2023-0030,property
2023-0030,contract
2023-0030,tort
2023-0030,tax
2023-0170,civil_procedure
2023-0170,statutory_interpretation
2023-0170,property
2023-0170,contract
2023-0208,criminal
2023-0208,family_law
2023-0208,civil_procedure
2023-0208,statutory_interpretation
2023-0208,constitutional
2023-0208,property
2023-0258,criminal
2023-0258,family_law
2023-0258,evidence
2023-0451,criminal
2023-0451,insurance
2023-0451,statutory_interpretation
2022-0718,criminal
2022-0718,insurance
2022-0718,statutory_interpretation
2022-0718,constitutional
2023-0436,civil_procedure
2023-0436,property
2023-0436,contract
2023-0436,tort
2016-0007,criminal
2022-0638,criminal
2022-0736,criminal
2022-0736,property
2023-0204,statutory_interpretation
2023-0204,property
2023-0204,contract
2023-0247,civil_procedure
2023-0247,statutory_interpretation
2023-0247,property
2023-0247,contract
2023-0247,evidence
2022-0342,statutory_interpretation
2022-0342,constitutional
2022-0342,property
2023-0175,criminal
2023-0323,insurance
2023-0323,administrative_law
2023-0323,statutory_interpretation
2023-0323,employment
2023-0323,tort
2023-0121,criminal
2023-0121,tort
2023-0121,evidence
2023-0121,DWI
2023-0142,civil_procedure
2023-0142,statutory_interpretation
2023-0142,contract
2023-0281,criminal
2023-0281,civil_procedure
2023-0281,contract
2023-0281,tort
2023-0294,criminal
2023-0294,family_law
2023-0294,civil_procedure
2023-0294,statutory_interpretation
2023-0294,constitutional
2023-0294,employment
2023-0346,administrative_law
2023-0346,property
2023-0389,property
2023-0615,civil_procedure
2023-0615,statutory_interpretation
2023-0615,property
2023-0615,contract
2023-0615,tort
2022-0025,criminal
2022-0025,administrative_law
2022-0025,statutory_interpretation
2022-0025,contract
2022-0025,DWI
2022-0448,criminal
2022-0448,evidence
2022-0448,DWI
2022-0452,criminal
2022-0452,administrative_law
2022-0452,civil_procedure
2022-0452,statutory_interpretation
2022-0452,constitutional
2022-0452,evidence
2023-0301,property
2023-0301,contract
2023-0449,criminal
2023-0449,civil_procedure
2023-0449,constitutional
2023-0449,employment
2023-0449,evidence
2022-0008,criminal
2022-0008,insurance
2022-0008,family_law
2022-0008,constitutional
2022-0008,employment
2022-0008,tort
2022-0008,evidence
2022-0407,criminal
2022-0407,administrative_law
2022-0407,civil_procedure
2022-0407,statutory_interpretation
2022-0407,constitutional
2022-0407,employment
2022-0407,evidence
2023-0062,administrative_law
2023-0062,family_law
2023-0062,civil_procedure
2023-0062,statutory_interpretation
2023-0062,constitutional
2023-0088,contract
2023-0456,criminal
2023-0456,administrative_law
2023-0456,civil_procedure
2023-0456,statutory_interpretation
2023-0456,constitutional
2023-0456,contract
2022-0397,civil_procedure
2022-0397,statutory_interpretation
2023-0198,property
2023-0198,tax
2023-0471,administrative_law
2023-0471,statutory_interpretation
2023-0471,employment
2023-0471,tort
2023-0471,tax
2023-0538,criminal
2023-0538,administrative_law
2023-0538,civil_procedure
2023-0538,statutory_interpretation
2023-0538,constitutional
2023-0538,property
2023-0538,tort
2023-0538,tax
2023-0702,criminal
2023-0702,domestic_violence
2023-0357,civil_procedure
2023-0357,property
2023-0357,contract
2023-0357,tort
2023-0521,family_law
2023-0545,civil_procedure
2023-0545,statutory_interpretation
2023-0545,constitutional
2023-0545,property
2023-0545,contract
2023-0545,tax
2022-0628,criminal
2023-0138,criminal
2023-0138,civil_procedure
2023-0138,tort
2023-0138,evidence
2023-0138,DWI
2023-0138,tax
2023-0156,civil_procedure
2023-0156,contract
2023-0156,tort
2023-0156,evidence
2023-0263,criminal
2023-0488,medicaid
2023-0488,administrative_law
2023-0488,civil_procedure
2023-0488,statutory_interpretation
2023-0488,constitutional
2023-0488,employment
2023-0488,contract
2023-0488,domestic_violence
2023-0637,administrative_law
2023-0637,constitutional
2023-0637,property
2023-0637,employment
2023-0637,evidence
2023-0637,DWI
2023-0637,tax
2023-0640,administrative_law
2023-0640,civil_procedure
2023-0640,constitutional
2023-0663,criminal
2023-0663,civil_procedure
2023-0663,statutory_interpretation
2023-0663,constitutional
2023-0663,property
2023-0663,tort
2023-0663,evidence
2023-0663,tax
2023-0352,criminal
2023-0352,evidence
2023-0352,domestic_violence
2023-0398,statutory_interpretation
2023-0398,contract
2023-0559,insurance
2023-0559,civil_procedure
2023-0559,property
2023-0559,contract
2023-0559,tax
2023-0678,family_law
2023-0678,statutory_interpretation
2023-0678,constitutional
2023-0678,property
2023-0678,evidence
2023-0755,property
2023-0755,contract
2022-0647,criminal
2022-0647,competency
2022-0647,constitutional
2023-0092,constitutional
2023-0108,criminal
2023-0108,evidence
2023-0108,DWI
2024-0027,civil_procedure
2024-0027,statutory_interpretation
2024-0027,constitutional
2024-0027,property
2024-0027,contract
2024-0027,tort
2022-0634,criminal
2022-0634,competency
2022-0634,family_law
2022-0634,statutory_interpretation
2022-0634,constitutional
2022-0634,tort
2022-0634,evidence
2022-0634,tax
2023-0098,criminal
2023-0098,administrative_law
2023-0098,constitutional
2023-0098,property
2023-0098,contract
2023-0098,evidence
2023-0098,domestic_violence
2023-0098,tax
2023-0118,criminal
2023-0118,constitutional
2023-0118,domestic_violence
2023-0118,tax
2023-0085,criminal
2023-0085,tort
2023-0085,evidence
2023-0213,criminal
2023-0213,competency
2023-0213,constitutional
2023-0213,evidence
2023-0453,criminal
2023-0453,civil_procedure
2023-0453,statutory_interpretation
2023-0453,evidence
2023-0540,criminal
2023-0540,constitutional
2023-0540,property
2023-0540,evidence
2024-0023,administrative_law
2024-0023,property
2024-0023,employment
2024-0023,contract
2023-0329,administrative_law
2023-0329,civil_procedure
2023-0329,statutory_interpretation
2023-0329,constitutional
2023-0617,contract
2024-0066,criminal
2024-0066,insurance
2024-0066,administrative_law
2024-0066,statutory_interpretation
2024-0066,constitutional
2024-0066,property
2024-0066,tort
2024-0066,evidence
2024-0066,domestic_violence
2024-0066,tax
2024-0097,insurance
2024-0097,administrative_law
2024-0097,property
2024-0097,employment
2024-0138,civil_procedure
2024-0138,statutory_interpretation
2024-0138,constitutional
2024-0138,property
2024-0138,evidence
2024-0138,DWI
2024-0138,tax
2024-0189,administrative_law
2024-0189,civil_procedure
2024-0189,property
2024-0189,contract
2024-0189,tort
2023-0576,property
2023-0614,family_law
2023-0614,property
2023-0614,employment
2023-0628,administrative_law
2023-0628,constitutional
2023-0628,property
2023-0628,DWI
2023-0628,domestic_violence
2023-0687,property
2024-0121,criminal
2024-0121,insurance
2024-0121,administrative_law
2024-0121,civil_procedure
2024-0121,statutory_interpretation
2024-0121,constitutional
2024-0121,property
2024-0121,tort
2024-0121,evidence
2024-0121,DWI
2024-0121,tax
2023-0487,criminal
2023-0487,evidence
2023-0585,family_law
2023-0585,civil_procedure
2023-0585,statutory_interpretation
2023-0585,property
2023-0585,contract
2023-0706,criminal
2023-0706,family_law
2023-0706,property
2023-0706,domestic_violence
2024-0111,statutory_interpretation
2024-0111,property
2024-0111,contract
2024-0259,civil_procedure
2024-0259,constitutional
2024-0269,criminal
2024-0269,family_law
2024-0269,statutory_interpretation
2022-0353,criminal
2022-0353,family_law
2022-0353,constitutional
2022-0353,tax
2022-0353-2022-0415,criminal
2022-0353-2022-0415,family_law
2022-0353-2022-0415,constitutional
2022-0353-2022-0415,tax
2023-0166,criminal
2023-0166,civil_procedure
2023-0166,constitutional
2023-0166,property
2023-0166,contract
2023-0166,tort
2023-0257,criminal
2023-0257,constitutional
2023-0257,evidence
2022-0730,criminal
2022-0730,competency
2022-0730,constitutional
2022-0730,tax
2022-0730-2024-0169,criminal
2022-0730-2024-0169,competency
2022-0730-2024-0169,constitutional
2022-0730-2024-0169,tax
2023-0526,criminal
2023-0526,family_law
2023-0526,statutory_interpretation
2023-0526,employment
2023-0754,criminal
2023-0754,civil_procedure
2024-0054,criminal
2024-0054,statutory_interpretation
2024-0054,evidence
2024-0082,criminal
2024-0082,statutory_interpretation
2024-0082,evidence
2024-0186,contract
2024-0346,criminal
2024-0346,administrative_law
2024-0346,employment
2023-0532,criminal
2023-0532,statutory_interpretation
2023-0532,evidence
2023-0532,domestic_violence
2023-0661,administrative_law
2023-0661,civil_procedure
2023-0661,contract
2023-0661,tort
2024-0068,civil_procedure
2024-0068,statutory_interpretation
2024-0068,property
2024-0068,contract
2023-0400,criminal
2023-0400,competency
2023-0400,constitutional
2023-0400,evidence
2023-0408,criminal
2023-0408,administrative_law
2023-0408,statutory_interpretation
2023-0408,tort
2023-0408,evidence
2024-0051,family_law
2024-0051,property
2024-0051,employment
2024-0051,evidence
2024-0051,tax
2024-0224,constitutional
2024-0224,property
2024-0224,evidence
2024-0250,insurance
2024-0250,administrative_law
2024-0250,statutory_interpretation
2024-0250,constitutional
2024-0250,employment
2024-0250,evidence
2024-0250,DWI
2024-0250,domestic_violence
2024-0250,tax
2023-0740,criminal
2023-0740,tort
2023-0740,evidence
2023-0740,domestic_violence
2024-0396,criminal
2024-0396,insurance
2024-0396,statutory_interpretation
2024-0396,constitutional
2024-0396,tort
2023-0356,criminal
2023-0356,evidence
2024-0428,statutory_interpretation
2024-0428,constitutional
2024-0428,evidence
2024-0428,tax
2024-0046,civil_procedure
2024-0046,contract
2024-0046,tort
2023-0550,criminal
2023-0550,statutory_interpretation
2023-0550,tort
2023-0550,evidence
2023-0647,criminal
2023-0647,constitutional
2023-0647,contract
2024-0254,insurance
2024-0254,civil_procedure
2024-0254,property
2024-0471,insurance
2024-0471,administrative_law
2024-0471,statutory_interpretation
2024-0471,employment
2024-0471,contract
2024-0531,administrative_law
2024-0531,statutory_interpretation
2024-0531,contract
2024-0531,tort
2024-0320,criminal
2024-0320,evidence
2024-0344,criminal
2024-0344,family_law
2024-0344,constitutional
2024-0393,civil_procedure
2024-0393,statutory_interpretation
2024-0393,constitutional
2024-0393,property
2024-0393,contract
2024-0393,tort
2022-0433,criminal
2022-0433,evidence
2024-0412,civil_procedure
2024-0412,property
2024-0606,criminal
2024-0606,civil_procedure
2024-0606,constitutional
2024-0606,contract
2025-0017,criminal
2025-0017,family_law
2025-0017,employment
2025-0017,evidence
2025-0017,domestic_violence
2023-0562,criminal
2023-0562,evidence
2024-0035,criminal
2024-0035,family_law
2024-0035,constitutional
2024-0496,criminal
2024-0496,competency
2024-0496,statutory_interpretation
2024-0511,administrative_law
2024-0511,statutory_interpretation
2024-0511,employment
2023-0664,criminal
2023-0664,competency
2023-0664,civil_procedure
2023-0664,statutory_interpretation
2023-0664,constitutional
2023-0664,tort
2023-0664,evidence
2024-0032,criminal
2024-0032,civil_procedure
2024-0032,tort
2024-0032,DWI
2024-0155,insurance
2024-0155,family_law
2024-0155,property
2024-0155,employment
2024-0155,contract
2024-0155,tort
2024-0155,tax
2025-0015,administrative_law
2025-0015,statutory_interpretation
2025-0015,employment
2023-0690,criminal
2023-0690,competency
2023-0690,statutory_interpretation
2023-0690,constitutional
2023-0690,evidence
2023-0690-2024-0183,criminal
2023-0690-2024-0183,competency
2023-0690-2024-0183,statutory_interpretation
2023-0690-2024-0183,constitutional
2023-0690-2024-0183,evidence
2024-0294,criminal
2024-0294,evidence
2024-0429,contract
2024-0429,tort
2024-0429,evidence
2024-0429,DWI
2024-0506,criminal
2024-0506,administrative_law
2024-0506,civil_procedure
2024-0506,statutory_interpretation
2024-0061,criminal
2024-0061,evidence
2024-0061,tax
2024-0304,criminal
2024-0304,constitutional
2024-0304,evidence
2024-0304,tax
2025-0029,insurance
2025-0029,administrative_law
2025-0029,statutory_interpretation
2025-0029,employment
2023-0498,criminal
2023-0498,civil_procedure
2023-0498,constitutional
2023-0498,property
2023-0498,evidence
2024-0245,criminal
2024-0245,civil_procedure
2024-0245,statutory_interpretation
2024-0245,constitutional
2024-0245,evidence
2025-0140,statutory_interpretation
2025-0140,property
2025-0140,contract
2025-0140,evidence
2025-0140,tax
2024-0034,criminal
2024-0034,family_law
2024-0034,constitutional
2024-0034,tax
2024-0321,criminal
2024-0321,constitutional
2024-0321,evidence
2024-0321,tax
2024-0368,criminal
2024-0368,evidence
2024-0560,civil_procedure
2024-0560,statutory_interpretation
2024-0560,property
2024-0560,contract
2024-0636,criminal
2024-0636,civil_procedure
2024-0636,statutory_interpretation
2024-0636,constitutional
2024-0636,property
2024-0636,tort
2025-0056,administrative_law
2025-0056,family_law
2025-0056,civil_procedure
2025-0056,statutory_interpretation
2025-0056,property
2025-0056,contract
2025-0056,tort
2024-0648,criminal
2024-0648,administrative_law
2024-0648,statutory_interpretation
2024-0509,civil_procedure
2024-0509,property
2024-0717,administrative_law
2024-0717,statutory_interpretation
2024-0717,constitutional
2024-0717,employment
2024-0407,criminal
2024-0407,evidence
2024-0465,statutory_interpretation
2024-0465,property
2024-0530,contract
2025-0019,administrative_law
2025-0019,property
2024-0073,criminal
2024-0073,competency
2024-0073,civil_procedure
2024-0518,competency
2024-0518,evidence
2024-0518,tax
2025-0178,insurance
2025-0178,family_law
2025-0178,statutory_interpretation
2025-0178,tort
2025-0034,criminal
2025-0034,insurance
2025-0034,civil_procedure
2025-0034,statutory_interpretation
2025-0048,civil_procedure
2025-0048,statutory_interpretation
2025-0048,property
2025-0048,contract
2025-0064,medicaid
2025-0064,administrative_law
2025-0064,statutory_interpretation
2025-0064,contract
2024-0625,criminal
2024-0625,statutory_interpretation
2024-0625,constitutional
2024-0625,evidence
2025-0239,administrative_law
2025-0239,property
2025-0028,criminal
2025-0028,competency
2025-0028,family_law
2025-0028,statutory_interpretation
2025-0028,constitutional
2025-0155,statutory_interpretation
2025-0155,property
2025-0344,administrative_law
2025-0344,statutory_interpretation
2025-0344,employment
2025-0319,criminal
2025-0319,civil_procedure
2025-0319,property
2025-0319,domestic_violence
