citing_case,cited_case
2023-0278,2023-0278
2024-0287,2024-0287
2023-0606,2023-0606
2023-0488,2023-0488
2023-0297,2023-0297
2023-0528,2023-0528
2023-0268,2023-0268
2023-0451,2023-0451
2024062-k-s,2024062-k-s
2024-0229,2024-0229
2023-0538,2023-0538
2022-0714,2022-0714
2023-0357,2023-0357
2022-0562,2022-0562
2022-0025,2022-0025
2023-0471,2023-0471
2022-0407,2022-0407
2022-0407,2022-0578
2023-0097,2023-0097
2023-0142,2023-0142
2022-0397,2022-0397
2022-0578,2022-0578
2022-0197,2022-0197
2022-0537,2022-0537
2022-0244,2022-0244
2022-0616,2022-0616
2022-0616,2021-0310
2022-0616,2024036chalpin
2023-0523,2023-0523
2023-0121,2023-0121
2023-0121,2022-0728
2023-0389,2023-0389
2023-0138,2023-0138
2022-0693,2022-0693
2023-0294,2023-0294
2023-0294,2022-0728
2023-0069,2023-0069
2023-0069,2023-0014
2023-0436,2023-0436
2022-0696,2022-0696
2024036chalpin,2024036chalpin
2023-0208,2023-0208
2022-0425,2022-0425
2022-0592,2022-0592
2024-0062,2024-0062
2021-0460,2021-0460
2023-0014,2023-0014
2023-0265,2023-0265
2022-0651,2022-0651
2023-0346,2023-0346
2022-0736,2022-0736
2023-0210,2023-0210
2023-0189,2023-0189
2022-0638,2022-0638
2022-0638,2022-0728
2023-0258,2023-0258
2022-0648,2022-0648
2023-0018,2023-0018
2022-0328,2022-0328
2023-0378,2023-0378
2022-0122,2022-0122
2023-0170,2023-0170
2022-0643,2022-0643
2022-0563,2022-0563
2023-0153,2023-0153
2022-0728,2022-0728
2023-0083,2023-0083
2021-0601,2021-0601
2022-0304,2022-0304
2022-0613,2022-0613
2022-0306,2022-0306
2023-0022,2023-0022
2022-0348,2024-0636
2022-0664,2022-0664
2021-0419,2021-0419
2022-0432,2022-0432
2021-0310,2021-0310
2025-0056,2025-0056
2025-0068,2025-0068
2024-0035,2024-0035
2024-0511,2024-0511
2024-0496,2024-0496
2024-0506,2024-0506
2024-0506,2022-0397
2024-0506,2023-0663
2024-0180,2024-0180
2024-0180,2022-0578
2024-0180,2022-0407
2024-0467,2024-0467
2024-0445,2024-0445
2024-0445,2024-0531
2024-0606,2024-0606
2024-0344,2024-0344
2024-0344,2022-0425
2024-0005,2024-0005
2024-0531,2024-0531
2024-0471,2024-0471
2024-0471,2023-0323
2024-0686,2024-0686
2024-0393,2024-0393
2024-0393,2023-0022
2024-0393,2023-0663
2024-0234,2024-0234
2024-0234,2024-0138
2023-0532,2023-0532
2024-0250,2024-0250
2024-0250,2024-0181
2024-0250,2022-0328
2023-0526,2023-0526
2023-0526,2025026dunbar
2023-0526,2023-0121
2023-0526,2021-0310
2023-0526,2023-0329
2024-0396,2024-0396
2024-0396,2023-0085
2023-0550,2023-0550
2023-0550,2022-0634
2024-0111,2024-0111
2023-0740,2023-0740
2023-0740,2023-0138
2024-0121,2024-0121
2024-0121,2024-0138
2023-0585,2023-0585
2023-0585,2023-0022
2024-0138,2024-0138
2024-0138,2023-0022
2025026dunbar,2025026dunbar
2023-0398,2023-0398
2024-0680,2024-0680
2024-0181,2024-0181
2024-0051,2024-0051
2023-0408,2023-0408
2023-0408,2025011miller
2024-0066,2024-0066
2024-0066,2022-0616
2025018hoppock,2025018hoppock
2024-0082,2024-0082
2024-0054,2024-0054
2024-0027,2024-0027
2023-0166,2023-0166
2024-0097,2024-0097
2023-0637,2023-0637
2023-0085,2023-0085
2025011miller,2025011miller
2025011miller,2022-0613
2025011miller,2022-0616
2023-0323,2023-0323
2024-0500,2024-0500
2023-0453,2023-0453
2023-0453,2023-0138
2023-0453,2022-0736
2023-0118,2023-0118
2023-0678,2023-0678
2024-0092,2024-0092
2022-0634,2022-0634
2022-0634,2023-0097
2022-0634,2021-0310
2022-0634,2023-0121
2023-0663,2023-0663
2023-0329,2023-0329
2023-0329,2022-0328
2022-0647,2022-0647
2024-0304,2024-0304
2024-0304,2021-0310
2025-0527,2025-0527
2025-0527,2024-0680
2024-0245,2024-0245
2024-0245,2021-0310
2024-0245,2024-0321
2024-0245,2022-0616
2025-0344,2025-0344
2025-0344,2023-0278
2025-0344,2024-0511
2025-0064,2025-0064
2025-0064,2023-0488
2025-0028,2025-0028
2025-0028,2022-0693
2025-0028,2024-0496
2025-0178,2025-0178
2024-0715,2024-0715
2024-0648,2024-0648
2024-0648,2022-0328
2024-0509,2024-0509
2023-0664,2023-0664
2023-0664,2024036chalpin
2023-0664,2023-0258
2023-0664,2023-0210
2024-0155,2024-0155
2024-0560,2024-0560
2024-0560,2023-0357
2024-0560,2023-0018
2024-0034,2024-0034
2024-0625,2024-0625
2024-0625,2022-0634
2024-0625,2024-0066
2023-0562,2023-0562
2025-0077,2025-0077
2026007levier,2026007levier
2026007levier,2022-0578
2026007levier,2023-0069
2026007levier,2023-0297
2026007levier,2023-0663
2023-0498,2023-0498
2023-0498,2023-0550
2023-0498,2025026dunbar
2023-0498,2023-0085
2024-0294,2024-0294
2024-0294,2022-0634
2024-0294,2023-0526
2025-0140,2025-0140
2024-0321,2024-0321
2024-0321,2023-0526
2024-0321,2022-0728
2024-0429,2024-0429
2024-0636,2024-0636
2024-0636,2023-0538
2024-0636,2023-0278
