current_name,canonical_name
Aaron Ginsberg,Aaron Ginsberg
Adam Katz,Adam Katz
Adam R. Mordecai,Adam R. Mordecai
Adele M. Fulton,Adele M. Fulton
Albert E. Scherr,Albert E. Scherr
Alden S. Brown,Alden S. Brown
Alexander W. Campbell,Alexander W. Campbell
Alfred E. Gagnon,Alfred E. Gagnon
Allison B. Greenstein,Allison B. Greenstein
Amy Manzelli,Amy Manzelli
Andrea E. Nix,Andrea E. Nix
Andrew J. Hall,Andrew J. Hall
Andrew J. Piela,Andrew J. Piela
Andrew S. Winters,Andrew S. Winters
Andru H. Volinsky,Andru H. Volinsky
Annalie Mullen,Annalie Mullen
Anne M. Rice,Anne M. Rice
Anthony J. Galdieri,Anthony J. Galdieri
Anthony J. Naro,Anthony J. Naro
Anthony M. Ambriano,Anthony M. Ambriano
Anthony Naro,Anthony J. Naro
Anthony Ortiz.,Anthony Ortiz.
Anthony P. Girgenti,Anthony P. Girgenti
Anthony S. Hartnett,Anthony S. Hartnett
Anthony Santoro,Anthony Santoro
Attorney Bernard Campbell,Attorney Bernard Campbell
Attorney Celia Leonard,Attorney Celia Leonard
Attorney Deb Erbetas,Attorney Deb Erbetas
Attorney John Sullivan.,Attorney John Sullivan.
Attorney Kelly Dowd.,Attorney Kelly Dowd.
Attorney Nicholas Court,Attorney Nicholas Court
Attorney Pat Karen.,Attorney Pat Karen.
Audriana Mekula,Audriana Mekula
B.J. Branch,B.J. Branch
Barry C. Schuster,Barry C. Schuster
Barton L. Mayer,Barton L. Mayer
Behzad N. Mirhashem,Behzad N. Mirhashem
Ben Syracusa,Ben Syracusa
Benjamin T. King,Benjamin T. King
Benjamin T. Siracusa,Benjamin T. Siracusa
Benjamin W. Maki,Benjamin W. Maki
Bernard H. Campbell,Bernard H. Campbell
Beverly A. Cluff,Beverly A. Cluff
Beverly Desmarais,Beverly Desmarais
Biron L. Bedard,Biron L. Bedard
Brad C. Davis,Brad C. Davis
Brad Davis,Brad Davis
Brad Davis.,Brad Davis.
Brandon D. Ross,Brandon D. Ross
Brandon H. Garod,Brandon H. Garod
Brendan A. O'Donnell,Brendan A. O'Donnell
Brendan D. O'Brien,Brendan D. O'Brien
Brian A. Suslak,Brian A. Suslak
Brian C. Shaughnessy,Brian C. Shaughnessy
Brian D. Kenyon,Brian D. Kenyon
Brian J. Bouchard,Brian J. Bouchard
Brian T. Lee,Brian T. Lee
Brian T. O'Shaughnessy,Brian T. O'Shaughnessy
Brittney M. White,Brittney M. White
Bruce J. Marshall,Bruce J. Marshall
Bruce W. Felmly,Bruce W. Felmly
Bryan J. Kerman,Bryan J. Kerman
Bryan J. Townsend,Bryan J. Townsend
Callan E. Sullivan,Callan E. Sullivan
Carl Swenson,Carl Swenson
Carolyn K. Cole,Carolyn K. Cole
Cassandra A. Moran,Cassandra A. Moran
Chad T. Hansen,Chad T. Hansen
Charles A. Russell,Charles A. Russell
Charles Douglas,Charles Douglas
Charles F. Cleary,Charles F. Cleary
Charles J. Keefe,Charles J. Keefe
Charles R. Capace,Charles R. Capace
Chris Carter,Chris Carter
Chris Meyer,Chris Meyer
Christina M. Wilson,Christina M. Wilson
Christina Russo,Christina Russo
Christine C. List,Christine C. List
Christine K. Leonard,Christine K. Leonard
Christopher A. Bandazian,Christopher A. Bandazian
Christopher B. Drescher,Christopher B. Drescher
Christopher C. Snook,Christopher C. Snook
Christopher Cole,Christopher Cole
Christopher E. Grant,Christopher E. Grant
Christopher G. Aslin,Christopher G. Aslin
Christopher G. Bond,Christopher G. Bond
Christopher J. Fischer,Christopher J. Fischer
Christopher J. Seufert,Christopher J. Seufert
Christopher J. Sullivan,Christopher J. Sullivan
Christopher Johnson,Christopher Johnson
Christopher L. Boldt,Christopher L. Boldt
Christopher M. Johnson,Christopher M. Johnson
Christopher T. Hilson,Christopher T. Hilson
Christopher T. Meier,Christopher T. Meier
Clara E. Lyons,Clara E. Lyons
Cleve Brown. We,Cleve Brown. We
Colin P. Carroll,Colin P. Carroll
Colin Sandiford,Colin Sandiford
Cordell A. Johnston,Cordell A. Johnston
Corey M. Belobrow,Corey M. Belobrow
Court Jerome Blanchard,Court Jerome Blanchard
Craig N. Salomon,Craig N. Salomon
D. Wade Harwood,D. Wade Harwood
Daniel A. Hodgdon,Daniel A. Hodgdon
"Daniel D. Muller, Jr","Daniel D. Muller, Jr"
Daniel E. Will,Daniel E. Will
Daniel L. Schmutter,Daniel L. Schmutter
Daniel P. Hynes,Daniel P. Hynes
Daniel V. Ward,Daniel V. Ward
Danielle E. Horgan,Danielle E. Horgan
Danielle E. Sakowski,Danielle E. Sakowski
Danielle L. Pacik,Danielle L. Pacik
Danielle L. Pomeroy,Danielle L. Pomeroy
David,David M. Rothstein
David A. Vicinanzo,David A. Vicinanzo
David Eldridge. This,David Eldridge. This
David L. Zalman,David L. Zalman
David M. Hendricks,David M. Hendricks
David M. Rothstein,David M. Rothstein
David Pincenot,David Pincenot
David Stamatis,David Stamatis
David W. Flinchbaugh,David W. Flinchbaugh
David W. Johnston,David W. Johnston
David W. Rayment,David W. Rayment
David W. Sayward,David W. Sayward
Dawn Morsley,Dawn Morsley
Debra L. Mayotte,Debra L. Mayotte
Demetrio F. Aspiras,Demetrio F. Aspiras
"Demetrio F. Aspiras, III","Demetrio F. Aspiras, III"
Denitsa N. Pocheva-Smith,Denitsa N. Pocheva-Smith
Dennis R. Cormiea,Dennis R. Cormiea
Derek D. Lick,Derek D. Lick
Derrick V. Morrill,Derrick V. Morrill
Diana E. Fenton,Diana E. Fenton
Diane M. Labbe,Diane M. Labbe
Donald A. Brown,Donald A. Brown
Donald A. Kennedy,Donald A. Kennedy
Donald M. Kreis,Donald M. Kreis
Donna J. Brown,Donna J. Brown
Doreen Conner,Doreen Conner
Doreen F. Connon,Doreen F. Connon
Doreen F. Connor,Doreen F. Connon
Douglas W. Macdonald,Douglas W. Macdonald
Edmund A. Allcock,Edmund A. Allcock
Edward J. Sackman,Edward J. Sackman
Elaine M. Kennedy,Elaine M. Kennedy
Elba Haas. This,Elba Haas. This
Elizabeth,Elizabeth
Elizabeth A. Lahey,Elizabeth A. Lahey
Elizabeth C. Velez,Elizabeth C. Velez
Elizabeth C. Woodcock,Elizabeth C. Woodcock
Elizabeth L. Hurley,Elizabeth L. Hurley
Elizabeth Woodcock,Elizabeth C. Woodcock
"Emile R. Bussiere, Jr","Emile R. Bussiere, Jr"
Emily C. Goering,Emily C. Goering
Emily Zimmerman,Emily Zimmerman
Eric A. Maher,Eric A. Maher
Eric G. Falkenham,Eric G. Falkenham
Eric S. Wolpin,Eric S. Wolpin
Erin E. Fitzgerald,Erin E. Fitzgerald
Esther Kane Dickinson,Esther Kane Dickinson
Evan A. Greene,Evan A. Greene
"Finis E. Williams, III","Finis E. Williams, III"
"Francis C. Fredericks, Jr","Francis C. Fredericks, Jr"
Frank P. Spinella,Frank P. Spinella
Friedrich K. Moeckel,Friedrich K. Moeckel
Gabriel Nizetic,Gabriel Nizetic
Gary J. Kinyon,Gary J. Kinyon
Gary J. Snyder,Gary J. Snyder
Gary M. Burt,Gary M. Burt
Gary S. Harding,Gary S. Harding
Gene L. Zarella,Gene L. Zarella
George Blaisdell,George Blaisdell
George E. Spaneas,George E. Spaneas
Gerald R. Prunier,Gerald R. Prunier
Gilles Bissonnette,Gilles Bissonnette
Gilles R. Bissonnette,Gilles R. Bissonnette
Gordon P. Landrigan,Gordon P. Landrigan
Gregory L. Silverman,Gregory L. Silverman
Gregory M. Albert,Gregory M. Albert
Gregory V. Sullivan,Gregory V. Sullivan
Hampshire Association,Hampshire Association
Harriet E. Cady,Harriet E. Cady
"Harry N. Starbranch, Jr.","Harry N. Starbranch, Jr."
Heather A. Cherniske,Heather A. Cherniske
Heather A. Flanner,Heather A. Flanner
Heather B. MacMillan,Heather B. MacMillan
Heather Cherniske,Heather Cherniske
Heather Tacconi,Heather Tacconi
Hector Diaz,Hector Diaz
Helen Witt,Helen Witt
Henry B. Stebbins,Henry B. Stebbins
Henry Carnival. This,Henry Carnival. This
Henry R. Klementowicz,Henry R. Klementowicz
Herbert W. Fuller,Herbert W. Fuller
Ian M. Dumain,Ian M. Dumain
If Attorney Court,If Attorney Court
Israel F. Piedra,Israel F. Piedra
Israel Piedra,Israel F. Piedra
J. Daniel Marr,J. Daniel Marr
J.P. Hawley,J.P. Hawley
Jack Kauders,Jack Kauders
Jacob Marvelley,Jacob Marvelley
James C. Wheat,James C. Wheat
James D. Melone,James D. Melone
James D. Rosenberg,James D. Rosenberg
"James E. Coughenour, Jr.","James E. Coughenour, Jr."
James F. Allmendinger,James F. Allmendinger
James G. Boyle,James G. Boyle
James H. Holl,James H. Holl
"James J. Bianco, Jr.","James J. Bianco, Jr."
James J. Connolly,James J. Connolly
James P. Harris,James P. Harris
James Q. Shirley,James Q. Shirley
James S. Cianci,James S. Cianci
James Steiner.,James Steiner.
"James W. Kennedy, III","James W. Kennedy, III"
Jamie N. Hage,Jamie N. Hage
Jared J. Bedrick,Jared J. Bedrick
Jared P. O'Connor,Jared P. O'Connor
Jared R. Green,Jared R. Green
Jason A. Casey,Jason A. Casey
Jason M. Novak,Jason M. Novak
Jay M. Surdukowski,Jay M. Surdukowski
Jaye L. Rancourt,Jaye L. Rancourt
Jeffery A. Strelzin,Jeffery A. Strelzin
Jeffrey C. Christensen,Jeffrey C. Christensen
Jeffrey D. Odland,Jeffrey D. Odland
Jennifer A. Eber,Jennifer A. Eber
Jennifer L. Muir,Jennifer L. Muir
Jennifer R. Cook,Jennifer R. Cook
Jennifer Ramsey,Jennifer Ramsey
Jeremy D. Eggleton,Jeremy D. Eggleton
Jeremy M. Fiske,Jeremy M. Fiske
Jeremy T. Walker,Jeremy T. Walker
Jesse Friedman,Jesse Friedman
Jessica A. King,Jessica A. King
Jill A. Perlow,Jill A. Perlow
Joe M. Fincham,Joe M. Fincham
John A. Curran,John A. Curran
John A. Wolkowski,John A. Wolkowski
John Arnold,John Arnold
John C. Pomykato,John C. Pomykato
John E. Galvin,John E. Galvin
John F. Galant,John F. Galant
John F. Sullivan,John F. Sullivan
John G. Cronin,John G. Cronin
John H. Jackson,John H. Jackson
John J. Bresaw,John J. Bresaw
John J. Conforti,John J. Conforti
John J. Corcoran,John J. Corcoran
John J. Kennedy,John J. Kennedy
John J. Mc,John J. Mc
"John J. McCormack, IV","John J. McCormack, IV"
John J. Ryan,John J. Ryan
John Kuzinovich,John Kuzinovich
John L. Arnold,John L. Arnold
"John L. Riff, IV","John L. Riff, IV"
John L. Ward,John L. Ward
John M. Edwards,John M. Edwards
John Mc,John Mc
John P. Knight,John P. Knight
"John P. Sansone, Jr.","John P. Sansone, Jr."
John S. Krupski,John S. Krupski
John W. Crongeyer,John W. Crongeyer
John Ward.,John Ward.
John-Mark Turner,John-Mark Turner
Jon N. Strasburger,Jon N. Strasburger
Jonathan A. Perfetto,Jonathan A. Perfetto
Jonathan M. Flagg,Jonathan M. Flagg
Jonathan M. Shirley,Jonathan M. Shirley
Joseph A. Br,Joseph A. Br
Joseph A. Brown,Joseph A. Brown
"Joseph H. Driscoll, IV","Joseph H. Driscoll, IV"
Joseph M. Allen,Joseph M. Allen
Joseph M. Frankel,Joseph M. Frankel
Joseph S. Hoppock,Joseph S. Hoppock
Joshua C. Harrison,Joshua C. Harrison
Joshua Gordon,Joshua Gordon
Joshua Gordon.,Joshua Gordon.
Joshua L. Gordon,Joshua L. Gordon
Joshua L. Speicher,Joshua L. Speicher
Joshua M. Speicher,Joshua M. Speicher
Joshua M. Wyatt,Joshua M. Wyatt
Joy L. Langford,Joy L. Langford
Justin C. Shepherd,Justin C. Shepherd
K. Allen,K. Allen Brooks
Kalie L. Lydon,Kalie L. Lydon
Karyn P. Forbes,Karyn P. Forbes
Kasey L. Dillon,Kasey L. Dillon
Katherine L.I. Hacker,Katherine L.I. Hacker
Kathleen C. Sullivan,Kathleen C. Sullivan
Kathleen M. Mahan,Kathleen M. Mahan
Kathryn D. Pate,Kathryn D. Pate
Keith Fitzgerald. It,Keith Fitzgerald. It
Keith R. Mader,Keith R. Mader
Kelly Dab,Kelly Dab
Kelly E. Dowd,Kelly E. Dowd
Kenneth A. Sansone,Kenneth A. Sansone
Kenneth H. Mruk,Kenneth H. Mruk
Kenneth H. Naide,Kenneth H. Naide
Kenneth P. Doherty,Kenneth P. Doherty
Keriann Roman,Keriann Roman
Kevin P. Rauseo,Kevin P. Rauseo
Kevin S. Hannon,Kevin S. Hannon
Kevin Stewart,Kevin Stewart
Kevin W. Stuart,Kevin W. Stuart
Kirsten B. Wilson,Kirsten B. Wilson
Kirsten Wilson,Kirsten Wilson
Kyle P. Griffin,Kyle P. Griffin
Laura A. Spector-Morgan,Laura A. Spector-Morgan
Laura Carroll.,Laura Carroll.
Laura E.B. Lombardi,Laura E.B. Lombardi
Laura Spector-Morgan,Laura A. Spector-Morgan
Laurie A. Ortolano,Laurie A. Ortolano
Laurie S. Young,Laurie S. Young
"Lawrence G. Deming, II","Lawrence G. Deming, II"
Lawrence M. Edelman,Lawrence M. Edelman
Lawrence P. Sumski,Lawrence P. Sumski
Leah Sullivan,Leah Sullivan
Lee Smith,Lee Smith
Leif A. Becker,Leif A. Becker
Leighton A. White,Leighton A. White
Leslie H. Johnson,Leslie H. Johnson
Linda M. Smith,Linda M. Smith
Liner Foods,Liner Foods
Lisa J. Bellanti,Lisa J. Bellanti
Lisa L. Wolford,Lisa L. Wolford
Lisa M. English,Lisa M. English
Lisa Snow Wade,Lisa Snow Wade
Lissa D. Mascio,Lissa D. Mascio
Lucinda Hopkins,Lucinda Hopkins
Marc G. Beaudoin,Marc G. Beaudoin
Marcel A. Payeur,Marcel A. Payeur
Marcia A. Brown,Marcia A. Brown
Margaret H. Nelson,Margaret H. Nelson
Maria D. Savarese,Maria D. Savarese
Mark A. Darling,Mark A. Darling
Mark D. Attorri,Mark D. Attorri
Mark D. Morrissette,Mark D. Morrissette
Mark D. Wiseman,Mark D. Wiseman
Mark Franco.,Mark Franco
Mark Johnson.,Mark Johnson.
Mark L. Sisti,Mark L. Sisti
Mark Morissette,Mark Morissette
Marshall Gilinsky,Marshall Gilinsky
Mary A. Triic,Mary A. Triic
Mary A. Triick,Mary A. Triick
Mary Beth L. Sweeney,Mary Beth L. Sweeney
Mary E. Maloney,Mary E. Maloney
Mary L. Bonauto,Mary L. Bonauto
MaryBeth L. Misluk,MaryBeth L. Misluk
Matthew B. Cox,Matthew B. Cox
Matthew J. Lahey,Matthew J. Lahey
Matthew J. Moffat,Matthew J. Moffat
Matthew Mc,Matthew McNicoll
Matthew McNicoll,Matthew McNicoll
Matthew R. Johnson,Matthew R. Johnson
Matthew R. Serge,Matthew R. Serge
Matthew R. Van Oot,Matthew R. Van Oot
Matthew T. Broadhead,Matthew T. Broadhead
Matthew V. Burrows,Matthew V. Burrows
Maureen Howard,Maureen Howard
Meaghan A. Jepsen,Meaghan A. Jepsen
Megan A. Yaple,Megan A. Yaple
Megan Jepsen.,Megan Jepsen.
Meghan C. Hagaman,Meghan C. Hagaman
Melanie Bell,Melanie Bell
Melissa Turcott,Melissa Turcott
Melvin T. Diep,Melvin T. Diep
Michael Bedard,Michael Bedard
Michael D. Hulser,Michael D. Hulser
Michael G. Eaton,Michael G. Eaton
Michael G. Lee,Michael G. Lee
Michael J. Iacopino,Michael J. Iacopino
Michael J. Tierney,Michael J. Tierney
Michael Keefe,Michael Keefe
Michael L. Donovan,Michael L. Donovan
Michael Lewis,Michael Lewis
Michael P. Courtney,Michael P. Courtney
Michael Perez,Michael Perez
Michael R. Grandy,Michael R. Grandy
Michael R. Haley,Michael R. Haley
Michael S. Lewis,Michael S. Lewis
Michele E. Kenney,Michele E. Kenney
Michelle A. Broadhurst,Michelle A. Broadhurst
Mike Darling.,Mike Darling.
Myles B. Matteson,Myles B. Matteson
Nancy J. Smith,Nancy J. Smith
Nancy M. Clark,Nancy M. Clark
Naomi L. Getman,Naomi L. Getman
Nathan C. Midolo,Nathan C. Midolo
Nathan W. Kenison,Nathan W. Kenison
Nicholas P. Cort,Nicholas P. Cort
Nicole M. Clay,Nicole M. Clay
Olivia F. Bensinger,Olivia F. Bensinger
Olivier R. Kerzner,Olivier R. Kerzner
Ovide M. Lamontagne,Ovide M. Lamontagne
Pamela E. Phelan,Pamela E. Phelan
Pamela J. Khoury,Pamela J. Khoury
Pamela J. Newkirk,Pamela J. Newkirk
Pamela Phelan,Pamela E. Phelan
Pamela Phelan.,Pamela Phelan.
Patricia M. Panciocco,Patricia M. Panciocco
Patrick E. Donovan,Patrick E. Donovan
Patrick J. Perroni,Patrick J. Perroni
Patrick J. Sheehan,Patrick J. Sheehan
Paul Borchardt,Paul T. Borchardt
Paul J. Alfano,Paul J. Alfano
Paul J. Garrity,Paul J. Garrity
Paul M. Hummer,Paul M. Hummer
Paul McEachern,Paul McEachern
"Paul R. Kfoury, Jr.","Paul R. Kfoury, Jr."
"Paul R. Kfoury, Sr","Paul R. Kfoury, Sr"
Paul R. Santamaria,Paul R. Santamaria
Paul T. Fitzgerald,Paul T. Fitzgerald
Penny S. Dean,Penny S. Dean
Peter C. Phillips,Peter C. Phillips
Peter D. Anderson,Peter D. Anderson
Peter Decato,Peter Decato
Peter G. Callaghan,Peter G. Callaghan
Peter Hinckley,Peter Hinckley
"Peter J. Malia, Jr","Peter J. Malia, Jr"
Peter R. Hinckley,Peter R. Hinckley
Philip B. Bradley,Philip B. Bradley
R. David DePuy,R. David DePuy
R. Matthew Cairns,R. Matthew Cairns
R. Peter Decato,R. Peter Decato
Randall Baldwin Clark,Randall Baldwin Clark
Randall F. Cooper,Randall F. Cooper
Rebecca L. Woodard,Rebecca L. Woodard
Richard C. Guerriero,Richard C. Guerriero
Richard E. Samdperil,Richard E. Samdperil
Richard Head,Richard Head
Richard J. Lehmann,Richard J. Lehmann
Richard P. Driscoll,Richard P. Driscoll
Robert,Robert
Robert Best,Robert Best
Robert Dietel,Robert Dietel
Robert H. Hodes,Robert H. Hodes
Robert H. Miller,Robert H. Miller
Robert J. Dietel,Robert J. Dietel
Robert J. Meagher,Robert J. Meagher
Robert J. Moses,Robert J. Moses
Robert L. Baldridge,Robert L. Baldridge
Robert M. Fojo,Robert M. Fojo
Robert M. Shepard,Robert M. Shepard
Robert S. Carey,Robert S. Carey
Rodric R. Reinholz,Rodric R. Reinholz
Ron Bolio,Ron Bolio
Roy Mc,Roy Mc
Roy Tillsley,Roy Tillsley
"Roy W. Tilsley, Jr","Roy W. Tilsley, Jr"
"Roy W. Tilsley, Jr.","Roy W. Tilsley, Jr"
Russell F. Hilliard,Russell F. Hilliard
Ruth D. Heintz,Ruth D. Heintz
Sam M. Gonyea,Sam M. Gonyea
Samantha D. Elliott,Samantha D. Elliott
Samantha Jewett.,Samantha Jewett.
Samuel Garland,Samuel R.V. Garland
Samuel H. Martin,Samuel H. Martin
Samuel Marino.,Samuel Marino.
Samuel R.V. Garland,Samuel R.V. Garland
Samuel Rogers,Samuel Rogers
Sarah E. Newhall,Sarah E. Newhall
Scott D. Chase,Scott D. Chase
Scott H. Harris,Scott H. Harris
Scott L. Bach,Scott L. Bach
Sean P. Gill,Sean P. Gill
Sean R. List,Sean R. List
Sean R. Locke,Sean R. Locke
Seth M. Zoracki,Seth M. Zoracki
Shane B. Goudas,Shane B. Goudas
Sharon J. Rondeau,Sharon J. Rondeau
Shawn M. Tanguay,Shawn M. Tanguay
Sherman D. Honig,Sherman D. Honig
Simon R. Dixon,Simon R. Dixon
Solicitor General,Daniel E. Will
Stacey Kaelin,Stacey Kaelin
Stacey R. Kaelin,Stacey R. Kaelin
Stacie M. Moeser,Stacie M. Moeser
Stephanie C. Hau,Stephanie C. Hausman
Stephanie C. Hausman,Stephanie C. Hausman
Stephanie Hausman,Stephanie C. Hausman
Stephanie Housman,Stephanie Housman
Stephanie K. Annunziata,Stephanie K. Annunziata
Stephen,Stephen D. Fuller
Stephen D. Fuller,Stephen D. Fuller
Stephen Fuller,Stephen Fuller
Stephen G. La,Stephen G. LaBonte
Stephen M. Bennett,Stephen M. Bennett
Stephen P. Girdwood,Stephen P. Girdwood
Stephen T. Jeffco,Stephen T. Jeffco
Stephen T. Martin,Stephen T. Martin
Stephen Tower,Stephen Tower
Steven A. Clark,Steven A. Clark
Steven G. Shadallah,Steven G. Shadallah
Steven Zaharias,Steven Zaharias
Susan,Susan P. McGinnis
Susan P. Mc,Susan P. McGinnis
Susan P. McGinnis,Susan P. McGinnis
Sven D. Wiberg,Sven D. Wiberg
Terri L. Pastori,Terri L. Pastori
Theodore M. Lothstein,Theodore M. Lothstein
Thomas A. Barnard,Thomas A. Barnard
"Thomas B. Quarles, Jr","Thomas B. Quarles, Jr"
Thomas Barn,Thomas A. Barnard
Thomas Barnard,Thomas A. Barnard
Thomas J. Donovan,Thomas J. Donovan
"Thomas Morgan, Jr.","Thomas Morgan, Jr."
Thomas P. Mullins,Thomas P. Mullins
Thomas Quarles,"Thomas B. Quarles, Jr"
Thomas R. Broderick,Thomas R. Broderick
Timothy J. Brock,Timothy J. Brock
Timothy J. Donovan,Timothy J. Donovan
Todd Hathaway,Todd Hathaway
Tom Pappas,Tom Pappas
Tony F. Soltani,Tony F. Soltani
Trevor P. Mc,Trevor P. Mc
University System,University System
View Video,View Video
W. Daniel Deane,W. Daniel Deane
Weston R. Sager,Weston R. Sager
"Wilbur A. Glahn, III","Wilbur A. Glahn, III"
Wildeastern Peters,Wildeastern Peters
William Avalokles,William Avalokles
William C. Saturley,William C. Saturley
William D. Woodbury,William D. Woodbury
William E. Christie,William E. Christie
William E. Gens,William E. Gens
William F. Gramer,William F. Gramer
William G. Scott,William G. Scott
William K. Koppenheffer,William K. Koppenheffer
William K. Warren,William K. Warren
William L. Chapman,William L. Chapman
"William Philpot, Jr.","William Philpot, Jr."
William Quinn,William Quinn
William R. Drescher,William R. Drescher
Your Honor. Chris Myer,Your Honor. Chris Myer
Your Honor. Elizabeth Woodcock,Your Honor. Elizabeth Woodcock
Your Honors,Your Honors
Your Honours.,Your Honours.
Zachary L. Higham,Zachary L. Higham
Zachary Lee,Zachary Lee
