short_name,full_name,website
&Z,,
A&C,,
AB&D,,
ACLU-NH,,
AK,,
B&B,,
B&C,,
B&M,,
B&W,,
B&Z,,
BA-V&B,,
BB,,
BCM,,
BKT&C,,
BLI&H,,
BM&B,,
BON&D,,
BSS&N,,
BTLA,,
BW&S,,
BWDW&S,,
Bianco PA,,
C&P,,
C&R,,
CAB,,
CB&Z,,
CCC,,
CLR&M,,
CM&O,,
CRM&L,,
CW&B,,
City of Concord,,
City of Dover,,
City of Nashua,,
D&D,,
D&S,,
DHL,,
DL&G,,
DM&B,,
DS,,
DT&C,,
DW,,
DW&M,,
Desmarais L/G,,
ELG,,
F&B,,
FCP&A,,
G&S,,
GC&G,,
GS&S,,
GSS&P,,
H&B,,
H&K,,
H&M,,
HH,,
HLF,,
HM,,
HP&L,,
HPG&R,,
J&K,,
JL,,
KD&W,,
KS&M,,
LC,,
LG,,
LLS,,
LML,,
M&B,,
M&H,,
M&K,,
M&M,,
M&S,,
MEE&B,,
MGR&M,,
ML&O,,
MM,,
MMG,,
MOW&M,,
Marshall L/O,,
NC&O,,
NEA-NH,,
NERE&LUL,,
NH Appellate Defender,,
NH Attorney General,,
NH Police Standards & Training Council,,
NHLA,,
NP,,
O&R,,
P&F,,
P&P,,
PA,,
PFB&P,,
PLC,,
PM&M,,
PPE&C,,
RY&P,,
S&G,,
S&H,,
S&W,,
S-WS,,
S-WS&K,,
SB&W,,
SCL,,
SD&H,,
SE,,
SEA,,
SL,,
SL&V,,
SLKS&L,,
SPB&G,,
SPB+G,,
SR,,
Seufert L/O,,
Sisti L/O,,
Sisti LO,,
T&B,,
T&K,,
TC,,
TLC,,
TMG,,
U&H,,
USA,,
W&B,,
W&M,,
WB&K,,
WL,,
WS,,
WS&P,,
WS&S,,
WW&F,,
