short_name,full_name,website,attorney_name
&Z,,,John G. Cronin
A&C,,,Mary Beth L. Sweeney
AB&D,,,Jared R. Green
AK,,,Marshall Gilinsky
B&B,,,"Emile R. Bussiere, Jr"
B&C,,,Bernard H. Campbell
B&M,,,Gary S. Harding
B&M,,,Kevin W. Stuart
B&M,,,Michael G. Lee
B&M,,,Michelle A. Broadhurst
B&W,,,Jon N. Strasburger
B&Z,,,Melvin T. Diep
BA-V&B,,,Christopher A. Bandazian
BB,,,Katherine L.I. Hacker
BCM,,,Amy Manzelli
BKT&C,,,Kenneth H. Naide
BLI&H,,,Jaye L. Rancourt
BLI&H,,,Michael J. Iacopino
BM&B,,,B.J. Branch
BM&B,,,John A. Wolkowski
BON&D,,,Pamela J. Newkirk
BSS&N,,,Andru H. Volinsky
BSS&N,,,Edward J. Sackman
BSS&N,,,Ovide M. Lamontagne
BSS&N,,,"Roy W. Tilsley, Jr"
BSS&N,,,"Roy W. Tilsley, Jr."
BTLA,,,Union Academy
BWDW&S,,,Christopher E. Grant
Bianco PA,,,"James J. Bianco, Jr."
C&P,,,Joy L. Langford
C&R,,,John J. Ryan
CAB,,,Beverly Desmarais
CB&Z,,,Christopher B. Drescher
CB&Z,,,"Daniel D. Muller, Jr"
CCC,,,Christopher T. Meier
CCC,,,Randall F. Cooper
CLR&M,,,Kathleen M. Mahan
CM&O,,,John A. Curran
CRM&L,,,"James E. Coughenour, Jr."
CW&B,,,David W. Rayment
CW&B,,,Jeffrey C. Christensen
CW&B,,,Mark D. Wiseman
City of Concord,,,Danielle L. Pacik
City of Concord,,,"James W. Kennedy, III"
City of Dover,,,Joshua M. Wyatt
City of Nashua,,,Christine K. Leonard
City of Nashua,,,Nicole M. Clay
D&D,,,William R. Drescher
D&S,,,Gregory L. Silverman
DL&G,,,Benjamin T. King
DL&G,,,Jared J. Bedrick
DM&B,,,Eric G. Falkenham
DM&B,,,Jonathan M. Shirley
DM&B,,,Matthew R. Johnson
DM&B,,,Richard P. Driscoll
DM&B,,,"Thomas B. Quarles, Jr"
DM&B,,,Thomas Quarles
DM&B,,,William F. Gramer
DS,,,Kirsten B. Wilson
DT&C,,,Christopher L. Boldt
DT&C,,,Christopher T. Hilson
DT&C,,,Eric A. Maher
DT&C,,,William K. Warren
DW,,,Demetrio F. Aspiras
DW,,,Keriann Roman
DW&M,,,"Demetrio F. Aspiras, III"
Desmarais L/G,,,Debra L. Mayotte
ELG,,,J.P. Hawley
F&B,,,Jesse Friedman
F&B,,,John J. Bresaw
FCP&A,,,Steven A. Clark
G&S,,,William E. Gens
GC&G,,,Matthew V. Burrows
GC&G,,,R. Matthew Cairns
GC&G,,,Robert J. Dietel
GC&G,,,Samantha D. Elliott
GS&S,,,Elizabeth L. Hurley
GS&S,,,Naomi L. Getman
GSS&P,,,Clara E. Lyons
H&B,,,Sherman D. Honig
H&K,,,Kevin P. Rauseo
H&M,,,Maureen Howard
HH,,,Jamie N. Hage
HH,,,Robert H. Hodes
HLF,,,Kevin S. Hannon
HM,,,"Peter J. Malia, Jr"
HP&L,,,Christopher J. Fischer
HPG&R,,,Jacob Marvelley
J&K,,,William K. Koppenheffer
JL,,,Matthew R. Van Oot
JL,,,Samuel H. Martin
KD&W,,,David L. Zalman
LC,,,Mark A. Darling
LG,,,Richard C. Guerriero
LG,,,Theodore M. Lothstein
LLS,,,Daniel P. Hynes
LML,,,Richard J. Lehmann
M&B,,,Corey M. Belobrow
M&H,,,Stephen T. Martin
M&K,,,John S. Krupski
M&K,,,Marc G. Beaudoin
M&M,,,Mark D. Morrissette
M&S,,,Gregory V. Sullivan
M&S,,,Kathleen C. Sullivan
MEE&B,,,Edmund A. Allcock
MGR&M,,,Peter D. Anderson
ML&O,,,Lissa D. Mascio
MM,,,Brian A. Suslak
MM,,,Bruce W. Felmly
MM,,,Jeremy T. Walker
MM,,,John P. Knight
MM,,,Linda M. Smith
MM,,,R. David DePuy
MM,,,Scott H. Harris
MM,,,"Wilbur A. Glahn, III"
MMG,,,"Joseph H. Driscoll, IV"
MMG,,,Laura A. Spector-Morgan
MMG,,,Laura Spector-Morgan
MOW&M,,,Robert J. Meagher
Marshall L/O,,,Brian D. Kenyon
NC&O,,,William D. Woodbury
NEA-NH,,,James F. Allmendinger
NERE&LUL,,,Nancy M. Clark
NH Appellate Defender,,,Anthony J. Naro
NH Appellate Defender,,,Anthony Naro
NH Appellate Defender,,,Carl Swenson
NH Appellate Defender,,,Christine C. List
NH Appellate Defender,,,Christopher M. Johnson
NH Appellate Defender,,,David
NH Appellate Defender,,,David M. Hendricks
NH Appellate Defender,,,David M. Rothstein
NH Appellate Defender,,,David W. Flinchbaugh
NH Appellate Defender,,,Eric S. Wolpin
NH Appellate Defender,,,Jason M. Novak
NH Appellate Defender,,,Joseph M. Frankel
NH Appellate Defender,,,Maria D. Savarese
NH Appellate Defender,,,Matthew Mc
NH Appellate Defender,,,Matthew McNicoll
NH Appellate Defender,,,Pamela E. Phelan
NH Appellate Defender,,,Pamela Phelan
NH Appellate Defender,,,Paul Borchardt
NH Appellate Defender,,,Sarah E. Newhall
NH Appellate Defender,,,Stephanie C. Hau
NH Appellate Defender,,,Stephanie C. Hausman
NH Appellate Defender,,,Stephanie Hausman
NH Appellate Defender,,,Thomas A. Barnard
NH Appellate Defender,,,Thomas Barn
NH Appellate Defender,,,Thomas Barnard
NH Attorney General,,,Aaron Ginsberg
NH Attorney General,,,Allison B. Greenstein
NH Attorney General,,,Anthony J. Galdieri
NH Attorney General,,,Anthony P. Girgenti
NH Attorney General,,,Audriana Mekula
NH Attorney General,,,Benjamin W. Maki
NH Attorney General,,,Brandon H. Garod
NH Attorney General,,,Brendan A. O'Donnell
NH Attorney General,,,Bryan J. Townsend
NH Attorney General,,,Callan E. Sullivan
NH Attorney General,,,Christina M. Wilson
NH Attorney General,,,Christopher G. Aslin
NH Attorney General,,,Christopher G. Bond
NH Attorney General,,,Colin P. Carroll
NH Attorney General,,,Daniel E. Will
NH Attorney General,,,Danielle E. Horgan
NH Attorney General,,,Danielle E. Sakowski
NH Attorney General,,,Diana E. Fenton
NH Attorney General,,,Elizabeth
NH Attorney General,,,Elizabeth A. Lahey
NH Attorney General,,,Elizabeth C. Velez
NH Attorney General,,,Elizabeth C. Woodcock
NH Attorney General,,,Elizabeth Woodcock
NH Attorney General,,,Emily C. Goering
NH Attorney General,,,Erin E. Fitzgerald
NH Attorney General,,,"Francis C. Fredericks, Jr"
NH Attorney General,,,Gilles Bissonnette
NH Attorney General,,,Gilles R. Bissonnette
NH Attorney General,,,Gordon P. Landrigan
NH Attorney General,,,Gregory M. Albert
NH Attorney General,,,Heather A. Cherniske
NH Attorney General,,,Heather A. Flanner
NH Attorney General,,,Heather Cherniske
NH Attorney General,,,Henry R. Klementowicz
NH Attorney General,,,James H. Holl
NH Attorney General,,,Jason A. Casey
NH Attorney General,,,Jeffery A. Strelzin
NH Attorney General,,,Jennifer A. Eber
NH Attorney General,,,Jennifer Ramsey
NH Attorney General,,,Jessica A. King
NH Attorney General,,,Jill A. Perlow
NH Attorney General,,,Joe M. Fincham
NH Attorney General,,,John J. Conforti
NH Attorney General,,,John J. Kennedy
NH Attorney General,,,John J. Mc
NH Attorney General,,,"John J. McCormack, IV"
NH Attorney General,,,"John P. Sansone, Jr."
NH Attorney General,,,John W. Crongeyer
NH Attorney General,,,Joshua C. Harrison
NH Attorney General,,,Joshua L. Speicher
NH Attorney General,,,Joshua M. Speicher
NH Attorney General,,,K. Allen
NH Attorney General,,,Kenneth A. Sansone
NH Attorney General,,,Laura E.B. Lombardi
NH Attorney General,,,Lisa L. Wolford
NH Attorney General,,,Lisa M. English
NH Attorney General,,,Mary A. Triic
NH Attorney General,,,Mary A. Triick
NH Attorney General,,,Mary E. Maloney
NH Attorney General,,,MaryBeth L. Misluk
NH Attorney General,,,Matthew T. Broadhead
NH Attorney General,,,Meaghan A. Jepsen
NH Attorney General,,,Megan A. Yaple
NH Attorney General,,,Meghan C. Hagaman
NH Attorney General,,,Michael R. Grandy
NH Attorney General,,,Michael R. Haley
NH Attorney General,,,Myles B. Matteson
NH Attorney General,,,Nancy J. Smith
NH Attorney General,,,Nathan W. Kenison
NH Attorney General,,,Nicholas P. Cort
NH Attorney General,,,Peter Hinckley
NH Attorney General,,,Peter R. Hinckley
NH Attorney General,,,Philip B. Bradley
NH Attorney General,,,Rebecca L. Woodard
NH Attorney General,,,Robert
NH Attorney General,,,Robert L. Baldridge
NH Attorney General,,,Sam M. Gonyea
NH Attorney General,,,Samuel Garland
NH Attorney General,,,Samuel R.V. Garland
NH Attorney General,,,Scott D. Chase
NH Attorney General,,,Sean P. Gill
NH Attorney General,,,Sean R. List
NH Attorney General,,,Sean R. Locke
NH Attorney General,,,Seth M. Zoracki
NH Attorney General,,,Shane B. Goudas
NH Attorney General,,,Stacey Kaelin
NH Attorney General,,,Stacey R. Kaelin
NH Attorney General,,,Stacie M. Moeser
NH Attorney General,,,Stephen
NH Attorney General,,,Stephen D. Fuller
NH Attorney General,,,Stephen G. La
NH Attorney General,,,Susan
NH Attorney General,,,Susan P. Mc
NH Attorney General,,,Susan P. McGinnis
NH Attorney General,,,Thomas J. Donovan
NH Attorney General,,,Thomas R. Broderick
NH Attorney General,,,View Video
NH Attorney General,,,Weston R. Sager
NH Attorney General,,,Zachary L. Higham
NH Attorney General,,,Zachary Lee
NHLA,,,Diane M. Labbe
NHLA,,,Ruth D. Heintz
NHLA,,,Stephen Tower
NP,,,David A. Vicinanzo
NP,,,W. Daniel Deane
O&R,,,Jeremy D. Eggleton
O&R,,,John L. Arnold
O&R,,,Lisa Snow Wade
O&R,,,Robert S. Carey
O&R,,,William L. Chapman
P&F,,,John L. Ward
P&P,,,Gerald R. Prunier
P&P,,,John C. Pomykato
PA,,,Elaine M. Kennedy
PA,,,Michele E. Kenney
PFB&P,,,Peter G. Callaghan
PFB&P,,,William C. Saturley
PLC,,,Gabriel Nizetic
PM&M,,,David Stamatis
PPE&C,,,Brendan D. O'Brien
PPE&C,,,Doreen F. Connon
PPE&C,,,Doreen F. Connor
PPE&C,,,Gary M. Burt
RY&P,,,Christopher J. Sullivan
RY&P,,,Michael S. Lewis
S&G,,,Alexander W. Campbell
S&G,,,Andrew J. Piela
S&G,,,James D. Rosenberg
S&G,,,Jared P. O'Connor
S&G,,,Karyn P. Forbes
S&G,,,Olivia F. Bensinger
S&G,,,Stephanie K. Annunziata
S&G,,,William E. Christie
S&H,,,David W. Johnston
S&H,,,Derek D. Lick
S&H,,,Margaret H. Nelson
S&H,,,Patrick J. Sheehan
S&W,,,Richard E. Samdperil
S-WS,,,Robert M. Shepard
SB&W,,,Barry C. Schuster
SCL,,,Anthony M. Ambriano
SD&H,,,Brad C. Davis
SE,,,Paul M. Hummer
SEA,,,Gary J. Snyder
SL,,,Olivier R. Kerzner
SL&V,,,Henry B. Stebbins
SLKS&L,,,David W. Sayward
SLKS&L,,,Peter C. Phillips
SPB&G,,,Brian J. Bouchard
SPB&G,,,James Q. Shirley
SPB&G,,,John-Mark Turner
SPB+G,,,Robert H. Miller
SR,,,Brian C. Shaughnessy
Seufert L/O,,,Christopher C. Snook
Sisti L/O,,,Colin Sandiford
Sisti L/O,,,Mark L. Sisti
Sisti LO,,,D. Wade Harwood
T&B,,,Friedrich K. Moeckel
T&K,,,"Paul R. Kfoury, Jr."
TC,,,John E. Galvin
TLC,,,Michael Bedard
TMG,,,Tony F. Soltani
U&H,,,Barton L. Mayer
U&H,,,Matthew R. Serge
U&H,,,Nathan C. Midolo
U&H,,,Russell F. Hilliard
USA,,,Liner Foods
W&B,,,John M. Edwards
WB&K,,,Charles J. Keefe
WL,,,Paul T. Fitzgerald
WS&P,,,Donna J. Brown
WS&P,,,James C. Wheat
WS&P,,,Jeffrey D. Odland
WS&P,,,Michael G. Eaton
WS&P,,,Michael J. Tierney
WS&P,,,Todd Hathaway
WS&S,,,Brittney M. White
WW&F,,,Israel F. Piedra
WW&F,,,Israel Piedra
WW&F,,,Jennifer R. Cook
